Date,nikkei
2014-09-01,15476.6
2014-09-02,15668.6
2014-09-03,15728.35
2014-09-04,15676.18
2014-09-05,15668.68
2014-09-08,15705.11
2014-09-09,15749.15
2014-09-10,15788.78
2014-09-11,15909.2
2014-09-12,15948.29
2014-09-15,
2014-09-16,15911.53
2014-09-17,15888.67
2014-09-18,16067.57
2014-09-19,16321.17
2014-09-22,16205.9
2014-09-23,
2014-09-24,16167.45
2014-09-25,16374.14
2014-09-26,16229.86
2014-09-29,16310.64
2014-09-30,16173.52
2014-10-01,16082.25
2014-10-02,15661.99
2014-10-03,15708.65
2014-10-06,15890.95
2014-10-07,15783.83
2014-10-08,15595.98
2014-10-09,15478.93
2014-10-10,15300.55
2014-10-13,
2014-10-14,14936.51
2014-10-15,15073.52
2014-10-16,14738.38
2014-10-17,14532.51
2014-10-20,15111.23
2014-10-21,14804.28
2014-10-22,15195.77
2014-10-23,15138.96
2014-10-24,15291.64
2014-10-27,15388.72
2014-10-28,15329.91
2014-10-29,15553.91
2014-10-30,15658.2
2014-10-31,16413.76
2014-11-03,
2014-11-04,16862.47
2014-11-05,16937.32
2014-11-06,16792.48
2014-11-07,16880.38
2014-11-10,16780.53
2014-11-11,17124.11
2014-11-12,17197.05
2014-11-13,17392.79
2014-11-14,17490.83
2014-11-17,16973.8
2014-11-18,17344.06
2014-11-19,17288.75
2014-11-20,17300.86
2014-11-21,17357.51
2014-11-24,
2014-11-25,17407.62
2014-11-26,17383.58
2014-11-27,17248.5
2014-11-28,17459.85
2014-12-01,17590.1
2014-12-02,17663.22
2014-12-03,17720.43
2014-12-04,17887.21
2014-12-05,17920.45
2014-12-08,17935.64
2014-12-09,17813.38
2014-12-10,17412.58
2014-12-11,17257.4
2014-12-12,17371.58
2014-12-15,17099.4
2014-12-16,16755.32
2014-12-17,16819.73
2014-12-18,17210.05
2014-12-19,17621.4
2014-12-22,17635.14
2014-12-23,
2014-12-24,17854.23
2014-12-25,17808.75
2014-12-26,17818.96
2014-12-29,17729.84
2014-12-30,17450.77
2014-12-31,
2015-01-01,
2015-01-02,
2015-01-05,17408.71
2015-01-06,16883.19
2015-01-07,16885.33
2015-01-08,17167.1
2015-01-09,17197.73
2015-01-12,
2015-01-13,17087.71
2015-01-14,16795.96
2015-01-15,17108.7
2015-01-16,16864.16
2015-01-19,17014.29
2015-01-20,17366.3
2015-01-21,17280.48
2015-01-22,17329.02
2015-01-23,17511.75
2015-01-26,17468.52
2015-01-27,17768.3
2015-01-28,17795.73
2015-01-29,17606.22
2015-01-30,17674.39
2015-02-02,17558.04
2015-02-03,17335.85
2015-02-04,17678.74
2015-02-05,17504.62
2015-02-06,17648.5
2015-02-09,17711.93
2015-02-10,17652.68
2015-02-11,
2015-02-12,17979.72
2015-02-13,17913.36
2015-02-16,18004.77
2015-02-17,17987.09
2015-02-18,18199.17
2015-02-19,18264.79
2015-02-20,18332.3
2015-02-23,18466.92
2015-02-24,18603.48
2015-02-25,18585.2
2015-02-26,18785.79
2015-02-27,18797.94
2015-03-02,18826.88
2015-03-03,18815.16
2015-03-04,18703.6
2015-03-05,18751.84
2015-03-06,18971.0
2015-03-09,18790.55
2015-03-10,18665.11
2015-03-11,18723.52
2015-03-12,18991.11
2015-03-13,19254.25
2015-03-16,19246.06
2015-03-17,19437.0
2015-03-18,19544.48
2015-03-19,19476.56
2015-03-20,19560.22
2015-03-23,19754.36
2015-03-24,19713.45
2015-03-25,19746.2
2015-03-26,19471.12
2015-03-27,19285.63
2015-03-30,19411.4
2015-03-31,19206.99
2015-04-01,19034.84
2015-04-02,19312.79
2015-04-03,19435.08
2015-04-06,19397.98
2015-04-07,19640.54
2015-04-08,19789.81
2015-04-09,19937.72
2015-04-10,19907.63
2015-04-13,19905.46
2015-04-14,19908.68
2015-04-15,19869.76
2015-04-16,19885.77
2015-04-17,19652.88
2015-04-20,19634.49
2015-04-21,19909.09
2015-04-22,20133.9
2015-04-23,20187.65
2015-04-24,20020.04
2015-04-27,19983.32
2015-04-28,20058.95
2015-04-29,
2015-04-30,19520.01
2015-05-01,19531.63
2015-05-04,
2015-05-05,
2015-05-06,
2015-05-07,19291.99
2015-05-08,19379.19
2015-05-11,19620.91
2015-05-12,19624.84
2015-05-13,19764.72
2015-05-14,19570.24
2015-05-15,19732.92
2015-05-18,19890.27
2015-05-19,20026.38
2015-05-20,20196.56
2015-05-21,20202.87
2015-05-22,20264.41
2015-05-25,20413.77
2015-05-26,20437.48
2015-05-27,20472.58
2015-05-28,20551.46
2015-05-29,20563.15
2015-06-01,20569.87
2015-06-02,20543.19
2015-06-03,20473.51
2015-06-04,20488.19
2015-06-05,20460.9
2015-06-08,20457.19
2015-06-09,20096.3
2015-06-10,20046.36
2015-06-11,20382.97
2015-06-12,20407.08
2015-06-15,20387.79
2015-06-16,20257.94
2015-06-17,20219.27
2015-06-18,19990.82
2015-06-19,20174.24
2015-06-22,20428.19
2015-06-23,20809.42
2015-06-24,20868.03
2015-06-25,20771.4
2015-06-26,20706.15
2015-06-29,20109.95
2015-06-30,20235.73
2015-07-01,20329.32
2015-07-02,20522.5
2015-07-03,20539.79
2015-07-06,20112.12
2015-07-07,20376.59
2015-07-08,19737.64
2015-07-09,19855.5
2015-07-10,19779.83
2015-07-13,20089.77
2015-07-14,20385.33
2015-07-15,20463.33
2015-07-16,20600.12
2015-07-17,20650.92
2015-07-20,
2015-07-21,20841.97
2015-07-22,20593.67
2015-07-23,20683.95
2015-07-24,20544.53
2015-07-27,20350.1
2015-07-28,20328.89
2015-07-29,20302.91
2015-07-30,20522.83
2015-07-31,20585.24
2015-08-03,20548.11
2015-08-04,20520.36
2015-08-05,20614.06
2015-08-06,20664.44
2015-08-07,20724.56
2015-08-10,20808.69
2015-08-11,20720.75
2015-08-12,20392.77
2015-08-13,20595.55
2015-08-14,20519.45
2015-08-17,20620.26
2015-08-18,20554.47
2015-08-19,20222.63
2015-08-20,20033.52
2015-08-21,19435.83
2015-08-24,18540.68
2015-08-25,17806.7
2015-08-26,18376.83
2015-08-27,18574.44
2015-08-28,19136.32
2015-08-31,18890.48
2015-09-01,18165.69
2015-09-02,18095.4
2015-09-03,18182.39
2015-09-04,17792.16
2015-09-07,17860.47
2015-09-08,17427.08
2015-09-09,18770.51
2015-09-10,18299.62
2015-09-11,18264.22
2015-09-14,17965.7
2015-09-15,18026.48
2015-09-16,18171.6
2015-09-17,18432.27
2015-09-18,18070.21
2015-09-21,
2015-09-22,
2015-09-23,
2015-09-24,17571.83
2015-09-25,17880.51
2015-09-28,17645.11
2015-09-29,16930.84
2015-09-30,17388.15
2015-10-01,17722.42
2015-10-02,17725.13
2015-10-05,18005.49
2015-10-06,18186.1
2015-10-07,18322.98
2015-10-08,18141.17
2015-10-09,18438.67
2015-10-12,
2015-10-13,18234.74
2015-10-14,17891.0
2015-10-15,18096.9
2015-10-16,18291.8
2015-10-19,18131.23
2015-10-20,18207.15
2015-10-21,18554.28
2015-10-22,18435.87
2015-10-23,18825.3
2015-10-26,18947.12
2015-10-27,18777.04
2015-10-28,18903.02
2015-10-29,18935.71
2015-10-30,19083.1
2015-11-02,18683.24
2015-11-03,
2015-11-04,18926.91
2015-11-05,19116.41
2015-11-06,19265.6
2015-11-09,19642.74
2015-11-10,19671.26
2015-11-11,19691.39
2015-11-12,19697.77
2015-11-13,19596.91
2015-11-16,19393.69
2015-11-17,19630.63
2015-11-18,19649.18
2015-11-19,19859.81
2015-11-20,19879.81
2015-11-23,
2015-11-24,19924.89
2015-11-25,19847.58
2015-11-26,19944.41
2015-11-27,19883.94
2015-11-30,19747.47
2015-12-01,20012.4
2015-12-02,19938.13
2015-12-03,19939.9
2015-12-04,19504.48
2015-12-07,19698.15
2015-12-08,19492.6
2015-12-09,19301.07
2015-12-10,19046.55
2015-12-11,19230.48
2015-12-14,18883.42
2015-12-15,18565.9
2015-12-16,19049.91
2015-12-17,19353.56
2015-12-18,18986.8
2015-12-21,18916.02
2015-12-22,18886.7
2015-12-23,
2015-12-24,18789.69
2015-12-25,18769.06
2015-12-28,18873.35
2015-12-29,18982.23
2015-12-30,19033.71
2015-12-31,
2016-01-01,
2016-01-04,18450.98
2016-01-05,18374.0
2016-01-06,18191.32
2016-01-07,17767.34
2016-01-08,17697.96
2016-01-11,
2016-01-12,17218.96
2016-01-13,17715.63
2016-01-14,17240.95
2016-01-15,17147.11
2016-01-18,16955.57
2016-01-19,17048.37
2016-01-20,16416.19
2016-01-21,16017.26
2016-01-22,16958.53
2016-01-25,17110.91
2016-01-26,16708.9
2016-01-27,17163.92
2016-01-28,17041.45
2016-01-29,17518.3
2016-02-01,17865.23
2016-02-02,17750.68
2016-02-03,17191.25
2016-02-04,17044.99
2016-02-05,16819.59
2016-02-08,17004.3
2016-02-09,16085.44
2016-02-10,15713.39
2016-02-11,
2016-02-12,14952.61
2016-02-15,16022.58
2016-02-16,16054.43
2016-02-17,15836.36
2016-02-18,16196.8
2016-02-19,15967.17
2016-02-22,16111.05
2016-02-23,16052.05
2016-02-24,15915.79
2016-02-25,16140.34
2016-02-26,16188.41
2016-02-29,16026.76
2016-03-01,16085.51
2016-03-02,16746.55
2016-03-03,16960.16
2016-03-04,17014.78
2016-03-07,16911.32
2016-03-08,16783.15
2016-03-09,16642.2
2016-03-10,16852.35
2016-03-11,16938.87
2016-03-14,17233.75
2016-03-15,17117.07
2016-03-16,16974.45
2016-03-17,16936.38
2016-03-18,16724.81
2016-03-21,
2016-03-22,17048.55
2016-03-23,17000.98
2016-03-24,16892.33
2016-03-25,17002.75
2016-03-28,17134.37
2016-03-29,17103.53
2016-03-30,16878.96
2016-03-31,16758.67
2016-04-01,16164.16
2016-04-04,16123.27
2016-04-05,15732.82
2016-04-06,15715.36
2016-04-07,15749.84
2016-04-08,15821.52
2016-04-11,15751.13
2016-04-12,15928.79
2016-04-13,16381.22
2016-04-14,16911.05
2016-04-15,16848.03
2016-04-18,16275.95
2016-04-19,16874.44
2016-04-20,16906.54
2016-04-21,17363.62
2016-04-22,17572.49
2016-04-25,17439.3
2016-04-26,17353.28
2016-04-27,17290.49
2016-04-28,16666.05
2016-04-29,
2016-05-02,16147.38
2016-05-03,
2016-05-04,
2016-05-05,
2016-05-06,16106.72
2016-05-09,16216.03
2016-05-10,16565.19
2016-05-11,16579.01
2016-05-12,16646.34
2016-05-13,16412.21
2016-05-16,16466.4
2016-05-17,16652.8
2016-05-18,16644.69
2016-05-19,16646.66
2016-05-20,16736.35
2016-05-23,16654.6
2016-05-24,16498.76
2016-05-25,16757.35
2016-05-26,16772.46
2016-05-27,16834.84
2016-05-30,17068.02
2016-05-31,17234.98
2016-06-01,16955.73
2016-06-02,16562.55
2016-06-03,16642.23
2016-06-06,16580.03
2016-06-07,16675.45
2016-06-08,16830.92
2016-06-09,16668.41
2016-06-10,16601.36
2016-06-13,16019.18
2016-06-14,15859.0
2016-06-15,15919.58
2016-06-16,15434.14
2016-06-17,15599.66
2016-06-20,15965.3
2016-06-21,16169.11
2016-06-22,16065.72
2016-06-23,16238.35
2016-06-24,14952.02
2016-06-27,15309.21
2016-06-28,15323.14
2016-06-29,15566.83
2016-06-30,15575.92
2016-07-01,15682.48
2016-07-04,15775.8
2016-07-05,15669.33
2016-07-06,15378.99
2016-07-07,15276.24
2016-07-08,15106.98
2016-07-11,15708.82
2016-07-12,16095.65
2016-07-13,16231.43
2016-07-14,16385.89
2016-07-15,16497.85
2016-07-18,
2016-07-19,16723.31
2016-07-20,16681.89
2016-07-21,16810.22
2016-07-22,16627.25
2016-07-25,16620.29
2016-07-26,16383.04
2016-07-27,16664.82
2016-07-28,16476.84
2016-07-29,16569.27
2016-08-01,16635.77
2016-08-02,16391.45
2016-08-03,16083.11
2016-08-04,16254.89
2016-08-05,16254.45
2016-08-08,16650.57
2016-08-09,16764.97
2016-08-10,16735.12
2016-08-11,
2016-08-12,16919.92
2016-08-15,16869.56
2016-08-16,16596.51
2016-08-17,16745.64
2016-08-18,16486.01
2016-08-19,16545.82
2016-08-22,16598.19
2016-08-23,16497.36
2016-08-24,16597.3
2016-08-25,16555.95
2016-08-26,16360.71
2016-08-29,16737.49
2016-08-30,16725.36
2016-08-31,16887.4
2016-09-01,16926.84
2016-09-02,16925.68
2016-09-05,17037.63
2016-09-06,17081.98
2016-09-07,17012.44
2016-09-08,16958.77
2016-09-09,16965.76
2016-09-12,16672.92
2016-09-13,16729.04
2016-09-14,16614.24
2016-09-15,16405.01
2016-09-16,16519.29
2016-09-19,
2016-09-20,16492.15
2016-09-21,16807.62
2016-09-22,
2016-09-23,16754.02
2016-09-26,16544.56
2016-09-27,16683.93
2016-09-28,16465.4
2016-09-29,16693.71
2016-09-30,16449.84
2016-10-03,16598.67
2016-10-04,16735.65
2016-10-05,16819.24
2016-10-06,16899.1
2016-10-07,16860.09
2016-10-10,
2016-10-11,17024.76
2016-10-12,16840.0
2016-10-13,16774.24
2016-10-14,16856.37
2016-10-17,16900.12
2016-10-18,16963.61
2016-10-19,16998.91
2016-10-20,17235.5
2016-10-21,17184.59
2016-10-24,17234.42
2016-10-25,17365.25
2016-10-26,17391.84
2016-10-27,17336.42
2016-10-28,17446.41
2016-10-31,17425.02
2016-11-01,17442.4
2016-11-02,17134.68
2016-11-03,
2016-11-04,16905.36
2016-11-07,17177.21
2016-11-08,17171.38
2016-11-09,16251.54
2016-11-10,17344.42
2016-11-11,17374.79
2016-11-14,17672.62
2016-11-15,17668.15
2016-11-16,17862.21
2016-11-17,17862.63
2016-11-18,17967.41
2016-11-21,18106.02
2016-11-22,18162.94
2016-11-23,
2016-11-24,18333.41
2016-11-25,18381.22
2016-11-28,18356.89
2016-11-29,18307.04
2016-11-30,18308.48
2016-12-01,18513.12
2016-12-02,18426.08
2016-12-05,18274.99
2016-12-06,18360.54
2016-12-07,18496.69
2016-12-08,18765.47
2016-12-09,18996.37
2016-12-12,19155.03
2016-12-13,19250.52
2016-12-14,19253.61
2016-12-15,19273.79
2016-12-16,19401.15
2016-12-19,19391.6
2016-12-20,19494.53
2016-12-21,19444.49
2016-12-22,19427.67
2016-12-23,
2016-12-26,19396.64
2016-12-27,19403.06
2016-12-28,19401.72
2016-12-29,19145.14
2016-12-30,19114.37
2017-01-02,
2017-01-03,
2017-01-04,19594.16
2017-01-05,19520.69
2017-01-06,19454.33
2017-01-09,
2017-01-10,19301.44
2017-01-11,19364.67
2017-01-12,19134.7
2017-01-13,19287.28
2017-01-16,19095.24
2017-01-17,18813.53
2017-01-18,18894.37
2017-01-19,19072.25
2017-01-20,19137.91
2017-01-23,18891.03
2017-01-24,18787.99
2017-01-25,19057.5
2017-01-26,19402.39
2017-01-27,19467.4
2017-01-30,19368.85
2017-01-31,19041.34
2017-02-01,19148.08
2017-02-02,18914.58
2017-02-03,18918.2
2017-02-06,18976.71
2017-02-07,18910.78
2017-02-08,19007.6
2017-02-09,18907.67
2017-02-10,19378.93
2017-02-13,19459.15
2017-02-14,19238.98
2017-02-15,19437.98
2017-02-16,19347.53
2017-02-17,19234.62
2017-02-20,19251.08
2017-02-21,19381.44
2017-02-22,19379.87
2017-02-23,19371.46
2017-02-24,19283.54
2017-02-27,19107.47
2017-02-28,19118.99
2017-03-01,19393.54
2017-03-02,19564.8
2017-03-03,19469.17
2017-03-06,19379.14
2017-03-07,19344.15
2017-03-08,19254.03
2017-03-09,19318.58
2017-03-10,19604.61
2017-03-13,19633.75
2017-03-14,19609.5
2017-03-15,19577.38
2017-03-16,19590.14
2017-03-17,19521.59
2017-03-20,
2017-03-21,19455.88
2017-03-22,19041.38
2017-03-23,19085.31
2017-03-24,19262.53
2017-03-27,18985.59
2017-03-28,19202.87
2017-03-29,19217.48
2017-03-30,19063.22
2017-03-31,18909.26
2017-04-03,18983.23
2017-04-04,18810.25
2017-04-05,18861.27
2017-04-06,18597.06
2017-04-07,18664.63
2017-04-10,18797.88
2017-04-11,18747.87
2017-04-12,18552.61
2017-04-13,18426.84
2017-04-14,18335.63
2017-04-17,18355.26
2017-04-18,18418.59
2017-04-19,18432.2
2017-04-20,18430.49
2017-04-21,18620.75
2017-04-24,18875.88
2017-04-25,19079.33
2017-04-26,19289.43
2017-04-27,19251.87
2017-04-28,19196.74
2017-05-01,19310.52
2017-05-02,19445.7
2017-05-03,
2017-05-04,
2017-05-05,
2017-05-08,19895.7
2017-05-09,19843.0
2017-05-10,19900.09
2017-05-11,19961.55
2017-05-12,19883.9
2017-05-15,19869.85
2017-05-16,19919.82
2017-05-17,19814.88
2017-05-18,19553.86
2017-05-19,19590.76
2017-05-22,19678.28
2017-05-23,19613.28
2017-05-24,19742.98
2017-05-25,19813.13
2017-05-26,19686.84
2017-05-29,19682.57
2017-05-30,19677.85
2017-05-31,19650.57
2017-06-01,19860.03
2017-06-02,20177.28
2017-06-05,20170.82
2017-06-06,19979.9
2017-06-07,19984.62
2017-06-08,19909.26
2017-06-09,20013.26
2017-06-12,19908.58
2017-06-13,19898.75
2017-06-14,19883.52
2017-06-15,19831.82
2017-06-16,19943.26
2017-06-19,20067.75
2017-06-20,20230.41
2017-06-21,20138.79
2017-06-22,20110.51
2017-06-23,20132.67
2017-06-26,20153.35
2017-06-27,20225.09
2017-06-28,20130.41
2017-06-29,20220.3
2017-06-30,20033.43
2017-07-03,20055.8
2017-07-04,20032.35
2017-07-05,20081.63
2017-07-06,19994.06
2017-07-07,19929.09
2017-07-10,20080.98
2017-07-11,20195.48
2017-07-12,20098.38
2017-07-13,20099.81
2017-07-14,20118.86
2017-07-17,
2017-07-18,19999.91
2017-07-19,20020.86
2017-07-20,20144.59
2017-07-21,20099.75
2017-07-24,19975.67
2017-07-25,19955.2
2017-07-26,20050.16
2017-07-27,20079.64
2017-07-28,19959.84
2017-07-31,19925.18
2017-08-01,19985.79
2017-08-02,20080.04
2017-08-03,20029.26
2017-08-04,19952.33
2017-08-07,20055.89
2017-08-08,19996.01
2017-08-09,19738.71
2017-08-10,19729.74
2017-08-11,
2017-08-14,19537.1
2017-08-15,19753.31
2017-08-16,19729.28
2017-08-17,19702.63
2017-08-18,19470.41
2017-08-21,19393.13
2017-08-22,19383.84
2017-08-23,19434.64
2017-08-24,19353.77
2017-08-25,19452.61
2017-08-28,19449.9
2017-08-29,19362.55
2017-08-30,19506.54
2017-08-31,19646.24
2017-09-01,19691.47
2017-09-04,19508.25
2017-09-05,19385.81
2017-09-06,19357.97
2017-09-07,19396.52
2017-09-08,19274.82
2017-09-11,19545.77
2017-09-12,19776.62
2017-09-13,19865.82
2017-09-14,19807.44
2017-09-15,19909.5
2017-09-18,
2017-09-19,20299.38
2017-09-20,20310.46
2017-09-21,20347.48
2017-09-22,20296.45
2017-09-25,20397.58
2017-09-26,20330.19
2017-09-27,20267.05
2017-09-28,20363.11
2017-09-29,20356.28
2017-10-02,20400.78
2017-10-03,20614.07
2017-10-04,20626.66
2017-10-05,20628.56
2017-10-06,20690.71
2017-10-09,
2017-10-10,20823.51
2017-10-11,20881.27
2017-10-12,20954.72
2017-10-13,21155.18
2017-10-16,21255.56
2017-10-17,21336.12
2017-10-18,21363.05
2017-10-19,21448.52
2017-10-20,21457.64
2017-10-23,21696.65
2017-10-24,21805.17
2017-10-25,21707.62
2017-10-26,21739.78
2017-10-27,22008.45
2017-10-30,22011.67
2017-10-31,22011.61
2017-11-01,22420.08
2017-11-02,22539.12
2017-11-03,
2017-11-06,22548.35
2017-11-07,22937.6
2017-11-08,22913.82
2017-11-09,22868.71
2017-11-10,22681.42
2017-11-13,22380.99
2017-11-14,22380.01
2017-11-15,22028.32
2017-11-16,22351.12
2017-11-17,22396.8
2017-11-20,22261.76
2017-11-21,22416.48
2017-11-22,22523.15
2017-11-23,
2017-11-24,22550.85
2017-11-27,22495.99
2017-11-28,22486.24
2017-11-29,22597.2
2017-11-30,22724.96
2017-12-01,22819.03
2017-12-04,22707.16
2017-12-05,22622.38
2017-12-06,22177.04
2017-12-07,22498.03
2017-12-08,22811.08
2017-12-11,22938.73
2017-12-12,22866.17
2017-12-13,22758.07
2017-12-14,22694.45
2017-12-15,22553.22
2017-12-18,22901.77
2017-12-19,22868.0
2017-12-20,22891.72
2017-12-21,22866.1
2017-12-22,22902.76
2017-12-25,22939.18
2017-12-26,22892.69
2017-12-27,22911.21
2017-12-28,22783.98
2017-12-29,22764.94
2018-01-01,
2018-01-02,
2018-01-03,
2018-01-04,23506.33
2018-01-05,23714.53
2018-01-08,
2018-01-09,23849.99
2018-01-10,23788.2
2018-01-11,23710.43
2018-01-12,23653.82
2018-01-15,23714.88
2018-01-16,23951.81
2018-01-17,23868.34
2018-01-18,23763.37
2018-01-19,23808.06
2018-01-22,23816.33
2018-01-23,24124.15
2018-01-24,23940.78
2018-01-25,23669.49
2018-01-26,23631.88
2018-01-29,23629.34
2018-01-30,23291.97
2018-01-31,23098.29
2018-02-01,23486.11
2018-02-02,23274.53
2018-02-05,22682.08
2018-02-06,21610.24
2018-02-07,21645.37
2018-02-08,21890.86
2018-02-09,21382.62
2018-02-12,
2018-02-13,21244.68
2018-02-14,21154.17
2018-02-15,21464.98
2018-02-16,21720.25
2018-02-19,22149.21
2018-02-20,21925.1
2018-02-21,21970.81
2018-02-22,21736.44
2018-02-23,21892.78
2018-02-26,22153.63
2018-02-27,22389.86
2018-02-28,22068.24
2018-03-01,21724.47
2018-03-02,21181.64
2018-03-05,21042.09
2018-03-06,21417.76
2018-03-07,21252.72
2018-03-08,21368.07
2018-03-09,21469.2
2018-03-12,21824.03
2018-03-13,21968.1
2018-03-14,21777.29
2018-03-15,21803.95
2018-03-16,21676.51
2018-03-19,21480.9
2018-03-20,21380.97
2018-03-21,
2018-03-22,21591.99
2018-03-23,20617.86
2018-03-26,20766.1
2018-03-27,21317.32
2018-03-28,21031.31
2018-03-29,21159.08
2018-03-30,21454.3
2018-04-02,21388.58
2018-04-03,21292.29
2018-04-04,21319.55
2018-04-05,21645.42
2018-04-06,21567.52
2018-04-09,21678.26
2018-04-10,21794.32
2018-04-11,21687.1
2018-04-12,21660.28
2018-04-13,21778.74
2018-04-16,21835.53
2018-04-17,21847.59
2018-04-18,22158.2
2018-04-19,22191.18
2018-04-20,22162.24
2018-04-23,22088.04
2018-04-24,22278.12
2018-04-25,22215.32
2018-04-26,22319.61
2018-04-27,22467.87
2018-04-30,
2018-05-01,22508.03
2018-05-02,22472.78
2018-05-03,
2018-05-04,
2018-05-07,22467.16
2018-05-08,22508.69
2018-05-09,22408.88
2018-05-10,22497.18
2018-05-11,22758.48
2018-05-14,22865.86
2018-05-15,22818.02
2018-05-16,22717.23
2018-05-17,22838.37
2018-05-18,22930.36
2018-05-21,23002.37
2018-05-22,22960.34
2018-05-23,22689.74
2018-05-24,22437.01
2018-05-25,22450.79
2018-05-28,22481.09
2018-05-29,22358.43
2018-05-30,22018.52
2018-05-31,22201.82
2018-06-01,22171.35
2018-06-04,22475.94
2018-06-05,22539.54
2018-06-06,22625.73
2018-06-07,22823.26
2018-06-08,22694.5
2018-06-11,22804.04
2018-06-12,22878.35
2018-06-13,22966.38
2018-06-14,22738.61
2018-06-15,22851.75
2018-06-18,22680.33
2018-06-19,22278.48
2018-06-20,22555.43
2018-06-21,22693.04
2018-06-22,22516.83
2018-06-25,22338.15
2018-06-26,22342.0
2018-06-27,22271.77
2018-06-28,22270.39
2018-06-29,22304.51
2018-07-02,21811.93
2018-07-03,21785.54
2018-07-04,21717.04
2018-07-05,21546.99
2018-07-06,21788.14
2018-07-09,22052.18
2018-07-10,22196.89
2018-07-11,21932.21
2018-07-12,22187.96
2018-07-13,22597.35
2018-07-16,
2018-07-17,22697.36
2018-07-18,22794.19
2018-07-19,22764.68
2018-07-20,22697.88
2018-07-23,22396.99
2018-07-24,22510.48
2018-07-25,22614.25
2018-07-26,22586.87
2018-07-27,22712.75
2018-07-30,22544.84
2018-07-31,22553.72
2018-08-01,22746.7
2018-08-02,22512.53
2018-08-03,22525.18
2018-08-06,22507.32
2018-08-07,22662.74
2018-08-08,22644.31
2018-08-09,22598.39
2018-08-10,22298.08
2018-08-13,21857.43
2018-08-14,22356.08
2018-08-15,22204.22
2018-08-16,22192.04
2018-08-17,22270.38
2018-08-20,22199.0
2018-08-21,22219.73
2018-08-22,22362.55
2018-08-23,22410.82
2018-08-24,22601.77
2018-08-27,22799.64
2018-08-28,22813.47
2018-08-29,22848.22
2018-08-30,22869.5
2018-08-31,22865.15
2018-09-03,22707.38
2018-09-04,22696.9
2018-09-05,22580.83
2018-09-06,22487.94
2018-09-07,22307.06
2018-09-10,22373.09
2018-09-11,22664.69
2018-09-12,22604.61
2018-09-13,22821.32
2018-09-14,23094.67
2018-09-17,
2018-09-18,23420.54
2018-09-19,23672.52
2018-09-20,23674.93
2018-09-21,23869.93
2018-09-24,
2018-09-25,23940.26
2018-09-26,24033.79
2018-09-27,23796.74
2018-09-28,24120.04
2018-10-01,24245.76
2018-10-02,24270.62
2018-10-03,24110.96
2018-10-04,23975.62
2018-10-05,23783.72
2018-10-08,
2018-10-09,23469.39
2018-10-10,23506.04
2018-10-11,22590.86
2018-10-12,22694.66
2018-10-15,22271.3
2018-10-16,22549.24
2018-10-17,22841.12
2018-10-18,22658.16
2018-10-19,22532.08
2018-10-22,22614.82
2018-10-23,22010.78
2018-10-24,22091.18
2018-10-25,21268.73
2018-10-26,21184.6
2018-10-29,21149.8
2018-10-30,21457.29
2018-10-31,21920.46
2018-11-01,21687.65
2018-11-02,22243.66
2018-11-05,21898.99
2018-11-06,22147.75
2018-11-07,22085.8
2018-11-08,22486.92
2018-11-09,22250.25
2018-11-12,22269.88
2018-11-13,21810.52
2018-11-14,21846.48
2018-11-15,21803.62
2018-11-16,21680.34
2018-11-19,21821.16
2018-11-20,21583.12
2018-11-21,21507.54
2018-11-22,21646.55
2018-11-23,
2018-11-26,21812.0
2018-11-27,21952.4
2018-11-28,22177.02
2018-11-29,22262.6
2018-11-30,22351.06
2018-12-03,22574.76
2018-12-04,22036.05
2018-12-05,21919.33
2018-12-06,21501.62
2018-12-07,21678.68
2018-12-10,21219.5
2018-12-11,21148.02
2018-12-12,21602.75
2018-12-13,21816.19
2018-12-14,21374.83
2018-12-17,21506.88
2018-12-18,21115.45
2018-12-19,20987.92
2018-12-20,20392.58
2018-12-21,20166.19
2018-12-24,
2018-12-25,19155.74
2018-12-26,19327.06
2018-12-27,20077.62
2018-12-28,20014.77
2018-12-31,
2019-01-01,
2019-01-02,
2019-01-03,
2019-01-04,19561.96
2019-01-07,20038.97
2019-01-08,20204.04
2019-01-09,20427.06
2019-01-10,20163.8
2019-01-11,20359.7
2019-01-14,
2019-01-15,20555.29
2019-01-16,20442.75
2019-01-17,20402.27
2019-01-18,20666.07
2019-01-21,20719.33
2019-01-22,20622.91
2019-01-23,20593.72
2019-01-24,20574.63
2019-01-25,20773.56
2019-01-28,20649.0
2019-01-29,20664.64
2019-01-30,20556.54
2019-01-31,20773.49
2019-02-01,20788.39
2019-02-04,20883.77
2019-02-05,20844.45
2019-02-06,20874.06
2019-02-07,20751.28
2019-02-08,20333.17
2019-02-11,
2019-02-12,20864.21
2019-02-13,21144.48
2019-02-14,21139.71
2019-02-15,20900.63
2019-02-18,21281.85
2019-02-19,21302.65
2019-02-20,21431.49
2019-02-21,21464.23
2019-02-22,21425.51
2019-02-25,21528.23
2019-02-26,21449.39
2019-02-27,21556.51
2019-02-28,21385.16
2019-03-01,21602.69
2019-03-04,21822.04
2019-03-05,21726.28
2019-03-06,21596.81
2019-03-07,21456.01
2019-03-08,21025.56
2019-03-11,21125.09
2019-03-12,21503.69
2019-03-13,21290.24
2019-03-14,21287.02
2019-03-15,21450.85
2019-03-18,21584.5
2019-03-19,21566.85
2019-03-20,21608.92
2019-03-21,
2019-03-22,21627.34
2019-03-25,20977.11
2019-03-26,21428.39
2019-03-27,21378.73
2019-03-28,21033.76
2019-03-29,21205.81
2019-04-01,21509.03
2019-04-02,21505.31
2019-04-03,21713.21
2019-04-04,21724.95
2019-04-05,21807.5
2019-04-08,21761.65
2019-04-09,21802.59
2019-04-10,21687.57
2019-04-11,21711.38
2019-04-12,21870.56
2019-04-15,22169.11
2019-04-16,22221.66
2019-04-17,22277.97
2019-04-18,22090.12
2019-04-19,22200.56
2019-04-22,22217.9
2019-04-23,22259.74
2019-04-24,22200.0
2019-04-25,22307.58
2019-04-26,22258.73
2019-04-29,
2019-04-30,
2019-05-01,
2019-05-02,
2019-05-03,
2019-05-06,
2019-05-07,21923.72
2019-05-08,21602.59
2019-05-09,21402.13
2019-05-10,21344.92
2019-05-13,21191.28
2019-05-14,21067.23
2019-05-15,21188.56
2019-05-16,21062.98
2019-05-17,21250.09
2019-05-20,21301.73
2019-05-21,21272.45
2019-05-22,21283.37
2019-05-23,21151.14
2019-05-24,21117.22
2019-05-27,21182.58
2019-05-28,21260.14
2019-05-29,21003.37
2019-05-30,20942.53
2019-05-31,20601.19
2019-06-03,20410.88
2019-06-04,20408.54
2019-06-05,20776.1
2019-06-06,20774.04
2019-06-07,20884.71
2019-06-10,21134.42
2019-06-11,21204.28
2019-06-12,21129.72
2019-06-13,21032.0
2019-06-14,21116.89
2019-06-17,21124.0
2019-06-18,20972.71
2019-06-19,21333.87
2019-06-20,21462.86
2019-06-21,21258.64
2019-06-24,21285.99
2019-06-25,21193.81
2019-06-26,21086.59
2019-06-27,21338.17
2019-06-28,21275.92
2019-07-01,21729.97
2019-07-02,21754.27
2019-07-03,21638.16
2019-07-04,21702.45
2019-07-05,21746.38
2019-07-08,21534.35
2019-07-09,21565.15
2019-07-10,21533.48
2019-07-11,21643.53
2019-07-12,21685.9
2019-07-15,
2019-07-16,21535.25
2019-07-17,21469.18
2019-07-18,21046.24
2019-07-19,21466.99
2019-07-22,21416.79
2019-07-23,21620.88
2019-07-24,21709.57
2019-07-25,21756.55
2019-07-26,21658.15
2019-07-29,21616.8
2019-07-30,21709.31
2019-07-31,21521.53
2019-08-01,21540.99
2019-08-02,21087.16
2019-08-05,20720.29
2019-08-06,20585.31
2019-08-07,20516.56
2019-08-08,20593.35
2019-08-09,20684.82
2019-08-12,
2019-08-13,20455.44
2019-08-14,20655.13
2019-08-15,20405.65
2019-08-16,20418.81
2019-08-19,20563.16
2019-08-20,20677.22
2019-08-21,20618.57
2019-08-22,20628.01
2019-08-23,20710.91
2019-08-26,20261.04
2019-08-27,20456.08
2019-08-28,20479.42
2019-08-29,20460.93
2019-08-30,20704.37
2019-09-02,20620.19
2019-09-03,20625.16
2019-09-04,20649.14
2019-09-05,21085.94
2019-09-06,21199.57
2019-09-09,21318.42
2019-09-10,21392.1
2019-09-11,21597.76
2019-09-12,21759.61
2019-09-13,21988.29
2019-09-16,
2019-09-17,22001.32
2019-09-18,21960.71
2019-09-19,22044.45
2019-09-20,22079.09
2019-09-23,
2019-09-24,22098.84
2019-09-25,22020.15
2019-09-26,22048.24
2019-09-27,21878.9
2019-09-30,21755.84
2019-10-01,21885.24
2019-10-02,21778.61
2019-10-03,21341.74
2019-10-04,21410.2
2019-10-07,21375.25
2019-10-08,21587.78
2019-10-09,21456.38
2019-10-10,21551.98
2019-10-11,21798.87
2019-10-14,
2019-10-15,22207.21
2019-10-16,22472.92
2019-10-17,22451.86
2019-10-18,22492.68
2019-10-21,22548.9
2019-10-22,
2019-10-23,22625.38
2019-10-24,22750.6
2019-10-25,22799.81
2019-10-28,22867.27
2019-10-29,22974.13
2019-10-30,22843.12
2019-10-31,22927.04
2019-11-01,22850.77
2019-11-04,
2019-11-05,23251.99
2019-11-06,23303.82
2019-11-07,23330.32
2019-11-08,23391.87
2019-11-11,23331.84
2019-11-12,23520.01
2019-11-13,23319.87
2019-11-14,23141.55
2019-11-15,23303.32
2019-11-18,23416.76
2019-11-19,23292.65
2019-11-20,23148.57
2019-11-21,23038.58
2019-11-22,23112.88
2019-11-25,23292.81
2019-11-26,23373.32
2019-11-27,23437.77
2019-11-28,23409.14
2019-11-29,23293.91
2019-12-02,23529.5
2019-12-03,23379.81
2019-12-04,23135.23
2019-12-05,23300.09
2019-12-06,23354.4
2019-12-09,23430.7
2019-12-10,23410.19
2019-12-11,23391.86
2019-12-12,23424.81
2019-12-13,24023.1
2019-12-16,23952.35
2019-12-17,24066.12
2019-12-18,23934.43
2019-12-19,23864.85
2019-12-20,23816.63
2019-12-23,23821.11
2019-12-24,23830.58
2019-12-25,23782.87
2019-12-26,23924.92
2019-12-27,23837.72
2019-12-30,23656.62
2019-12-31,
2020-01-01,
2020-01-02,
2020-01-03,
2020-01-06,23204.86
2020-01-07,23575.72
2020-01-08,23204.76
2020-01-09,23739.87
2020-01-10,23850.57
2020-01-13,
2020-01-14,24025.17
2020-01-15,23916.58
2020-01-16,23933.13
2020-01-17,24041.26
2020-01-20,24083.51
2020-01-21,23864.56
2020-01-22,24031.35
2020-01-23,23795.44
2020-01-24,23827.18
2020-01-27,23343.51
2020-01-28,23215.71
2020-01-29,23379.4
2020-01-30,22977.75
2020-01-31,23205.18
2020-02-03,22971.94
2020-02-04,23084.59
2020-02-05,23319.56
2020-02-06,23873.59
2020-02-07,23827.98
2020-02-10,23685.98
2020-02-11,
2020-02-12,23861.21
2020-02-13,23827.73
2020-02-14,23687.59
2020-02-17,23523.24
2020-02-18,23193.8
2020-02-19,23400.7
2020-02-20,23479.15
2020-02-21,23386.74
2020-02-24,
2020-02-25,22605.41
2020-02-26,22426.19
2020-02-27,21948.23
2020-02-28,21142.96
2020-03-02,21344.08
2020-03-03,21082.73
2020-03-04,21100.06
2020-03-05,21329.12
2020-03-06,20749.75
2020-03-09,19698.76
2020-03-10,19867.12
2020-03-11,19416.06
2020-03-12,18559.63
2020-03-13,17431.05
2020-03-16,17002.04
2020-03-17,17011.53
2020-03-18,16726.55
2020-03-19,16552.83
2020-03-20,
2020-03-23,16887.78
2020-03-24,18092.35
2020-03-25,19546.63
2020-03-26,18664.6
2020-03-27,19389.43
2020-03-30,19084.97
2020-03-31,18917.01
2020-04-01,18065.41
2020-04-02,17818.72
2020-04-03,17820.19
2020-04-06,18576.3
2020-04-07,18950.18
2020-04-08,19353.24
2020-04-09,19345.77
2020-04-10,19498.5
2020-04-13,19043.4
2020-04-14,19638.81
2020-04-15,19550.09
2020-04-16,19290.2
2020-04-17,19897.26
2020-04-20,19669.12
2020-04-21,19280.78
2020-04-22,19137.95
2020-04-23,19429.44
2020-04-24,19262.0
2020-04-27,19783.22
2020-04-28,19771.19
2020-04-29,
2020-04-30,20193.69
2020-05-01,19619.35
2020-05-04,
2020-05-05,
2020-05-06,
2020-05-07,19674.77
2020-05-08,20179.09
2020-05-11,20390.66
2020-05-12,20366.48
2020-05-13,20267.05
2020-05-14,19914.78
2020-05-15,20037.47
2020-05-18,20133.73
2020-05-19,20433.45
2020-05-20,20595.15
2020-05-21,20552.31
2020-05-22,20388.16
2020-05-25,20741.65
2020-05-26,21271.17
2020-05-27,21419.23
2020-05-28,21916.31
2020-05-29,21877.89
2020-06-01,22062.39
2020-06-02,22325.61
2020-06-03,22613.76
2020-06-04,22695.74
2020-06-05,22863.73
2020-06-08,23178.1
2020-06-09,23091.03
2020-06-10,23124.95
2020-06-11,22472.91
2020-06-12,22305.48
2020-06-15,21530.95
2020-06-16,22582.21
2020-06-17,22455.76
2020-06-18,22355.46
2020-06-19,22478.79
2020-06-22,22437.27
2020-06-23,22549.05
2020-06-24,22534.32
2020-06-25,22259.79
2020-06-26,22512.08
2020-06-29,21995.04
2020-06-30,22288.14
2020-07-01,22121.73
2020-07-02,22145.96
2020-07-03,22306.48
2020-07-06,22714.44
2020-07-07,22614.69
2020-07-08,22438.65
2020-07-09,22529.29
2020-07-10,22290.81
2020-07-13,22784.74
2020-07-14,22587.01
2020-07-15,22945.5
2020-07-16,22770.36
2020-07-17,22696.42
2020-07-20,22717.48
2020-07-21,22884.22
2020-07-22,22751.61
2020-07-23,
2020-07-24,
2020-07-27,22715.85
2020-07-28,22657.38
2020-07-29,22397.11
2020-07-30,22339.23
2020-07-31,21710.0
2020-08-03,22195.38
2020-08-04,22573.66
2020-08-05,22514.85
2020-08-06,22418.15
2020-08-07,22329.94
2020-08-10,
2020-08-11,22750.24
2020-08-12,22843.96
2020-08-13,23249.61
2020-08-14,23289.36
2020-08-17,23096.75
2020-08-18,23051.08
2020-08-19,23110.61
2020-08-20,22880.62
2020-08-21,22920.3
2020-08-24,22985.51
2020-08-25,23296.77
2020-08-26,23290.86
2020-08-27,23208.86
2020-08-28,22882.65
2020-08-31,23139.76
2020-09-01,23138.07
2020-09-02,23247.15
2020-09-03,23465.53
2020-09-04,23205.43
2020-09-07,23089.95
2020-09-08,23274.13
2020-09-09,23032.54
2020-09-10,23235.47
2020-09-11,23406.49
2020-09-14,23559.3
2020-09-15,23454.89
2020-09-16,23475.53
2020-09-17,23319.37
2020-09-18,23360.3
2020-09-21,
2020-09-22,
2020-09-23,23346.49
2020-09-24,23087.82
2020-09-25,23204.62
2020-09-28,23511.62
2020-09-29,23539.1
2020-09-30,23185.12
2020-10-01,23185.12
2020-10-02,23029.9
2020-10-05,23312.14
2020-10-06,23433.73
2020-10-07,23422.82
2020-10-08,23647.07
2020-10-09,23619.69
2020-10-12,23558.69
2020-10-13,23601.78
2020-10-14,23626.73
2020-10-15,23507.23
2020-10-16,23410.63
2020-10-19,23671.13
2020-10-20,23567.04
2020-10-21,23639.46
2020-10-22,23474.27
2020-10-23,23516.59
2020-10-26,23494.34
2020-10-27,23485.8
2020-10-28,23418.51
2020-10-29,23331.94
2020-10-30,22977.13
2020-11-02,23295.48
2020-11-03,
2020-11-04,23695.23
2020-11-05,24105.28
2020-11-06,24325.23
2020-11-09,24839.84
2020-11-10,24905.59
2020-11-11,25349.6
2020-11-12,25520.88
2020-11-13,25385.87
2020-11-16,25906.93
2020-11-17,26014.62
2020-11-18,25728.14
2020-11-19,25634.34
2020-11-20,25527.37
2020-11-23,
2020-11-24,26165.59
2020-11-25,26296.86
2020-11-26,26537.31
2020-11-27,26644.71
2020-11-30,26433.62
2020-12-01,26787.54
2020-12-02,26800.98
2020-12-03,26809.37
2020-12-04,26751.24
2020-12-07,26547.44
2020-12-08,26467.08
2020-12-09,26817.94
2020-12-10,26756.24
2020-12-11,26652.52
2020-12-14,26732.44
2020-12-15,26687.84
2020-12-16,26757.4
2020-12-17,26806.67
2020-12-18,26763.39
2020-12-21,26714.42
2020-12-22,26436.39
2020-12-23,26524.79
2020-12-24,26668.35
2020-12-25,26656.61
2020-12-28,26854.03
2020-12-29,27568.15
2020-12-30,27444.17
2020-12-31,
2021-01-01,
2021-01-04,27258.38
2021-01-05,27158.63
2021-01-06,27055.94
2021-01-07,27490.13
2021-01-08,28139.03
2021-01-11,
2021-01-12,28164.34
2021-01-13,28456.59
2021-01-14,28698.26
2021-01-15,28519.18
2021-01-18,28242.21
2021-01-19,28633.46
2021-01-20,28523.26
2021-01-21,28756.86
2021-01-22,28631.45
2021-01-25,28822.29
2021-01-26,28546.18
2021-01-27,28635.21
2021-01-28,28197.42
2021-01-29,27663.39
2021-02-01,28091.05
2021-02-02,28362.17
2021-02-03,28646.5
2021-02-04,28341.95
2021-02-05,28779.19
2021-02-08,29388.5
2021-02-09,29505.93
2021-02-10,29562.93
2021-02-11,
2021-02-12,29520.07
2021-02-15,30084.15
2021-02-16,30467.75
2021-02-17,30292.19
2021-02-18,30236.09
2021-02-19,30017.92
2021-02-22,30156.03
2021-02-23,
2021-02-24,29671.7
2021-02-25,30168.27
2021-02-26,28966.01
2021-03-01,29663.5
2021-03-02,29408.17
2021-03-03,29559.1
2021-03-04,28930.11
2021-03-05,28864.32
2021-03-08,28743.25
2021-03-09,29027.94
2021-03-10,29036.56
2021-03-11,29211.64
2021-03-12,29717.83
2021-03-15,29766.97
2021-03-16,29921.09
2021-03-17,29914.33
2021-03-18,30216.75
2021-03-19,29792.05
2021-03-22,29174.15
2021-03-23,28995.92
2021-03-24,28405.52
2021-03-25,28729.88
2021-03-26,29176.7
2021-03-29,29384.52
2021-03-30,29432.7
2021-03-31,29178.8
2021-04-01,29388.87
2021-04-02,29854.0
2021-04-05,30089.25
2021-04-06,29696.63
2021-04-07,29730.79
2021-04-08,29708.98
2021-04-09,29768.06
2021-04-12,29538.73
2021-04-13,29751.61
2021-04-14,29620.99
2021-04-15,29642.69
2021-04-16,29683.37
2021-04-19,29685.37
2021-04-20,29100.38
2021-04-21,28508.55
2021-04-22,29188.17
2021-04-23,29020.63
2021-04-26,29126.23
2021-04-27,28991.89
2021-04-28,29053.97
2021-04-29,
2021-04-30,28812.63
2021-05-03,
2021-05-04,
2021-05-05,
2021-05-06,29331.37
2021-05-07,29357.82
2021-05-10,29518.34
2021-05-11,28608.59
2021-05-12,28147.51
2021-05-13,27448.01
2021-05-14,28084.47
2021-05-17,27824.83
2021-05-18,28406.84
2021-05-19,28044.45
2021-05-20,28098.25
2021-05-21,28317.83
2021-05-24,28364.61
2021-05-25,28553.98
2021-05-26,28642.19
2021-05-27,28549.01
2021-05-28,29149.41
2021-05-31,28860.08
2021-06-01,28814.34
2021-06-02,28946.14
2021-06-03,29058.11
2021-06-04,28941.52
2021-06-07,29019.24
2021-06-08,28963.56
2021-06-09,28860.8
2021-06-10,28958.56
2021-06-11,28948.73
2021-06-14,29161.8
2021-06-15,29441.3
2021-06-16,29291.01
2021-06-17,29018.33
2021-06-18,28964.08
2021-06-21,28010.93
2021-06-22,28884.13
2021-06-23,28874.89
2021-06-24,28875.23
2021-06-25,29066.18
2021-06-28,29048.02
2021-06-29,28812.61
2021-06-30,28791.53
2021-07-01,28707.04
2021-07-02,28783.28
2021-07-05,28598.19
2021-07-06,28643.21
2021-07-07,28366.95
2021-07-08,28118.03
2021-07-09,27940.42
2021-07-12,28569.02
2021-07-13,28718.24
2021-07-14,28608.49
2021-07-15,28279.09
2021-07-16,28003.08
2021-07-19,27652.74
2021-07-20,27388.16
2021-07-21,27548.0
2021-07-22,
2021-07-23,
2021-07-26,27833.29
2021-07-27,27970.22
2021-07-28,27581.66
2021-07-29,27782.42
2021-07-30,27283.59
2021-08-02,27781.02
2021-08-03,27641.83
2021-08-04,27584.08
2021-08-05,27728.12
2021-08-06,27820.04
2021-08-09,
2021-08-10,27888.15
2021-08-11,28070.51
2021-08-12,28015.02
2021-08-13,27977.15
2021-08-16,27523.19
2021-08-17,27424.47
2021-08-18,27585.91
2021-08-19,27281.17
2021-08-20,27013.25
2021-08-23,27494.24
2021-08-24,27732.1
2021-08-25,27724.8
2021-08-26,27742.29
2021-08-27,27641.14
2021-08-30,27789.29
2021-08-31,28089.54
2021-09-01,28451.02
2021-09-02,28543.51
2021-09-03,29128.11
2021-09-06,29659.89
2021-09-07,29916.14
2021-09-08,30181.21
2021-09-09,30008.19
2021-09-10,30381.84
2021-09-13,30447.37
2021-09-14,30670.1
2021-09-15,30511.71
2021-09-16,30323.34
2021-09-17,30500.05
2021-09-20,
2021-09-21,29839.71
2021-09-22,29639.4
2021-09-23,
2021-09-24,30248.81
2021-09-27,30240.06
2021-09-28,30183.96
2021-09-29,29544.29
2021-09-30,29452.66
2021-10-01,28771.07
2021-10-04,28444.89
2021-10-05,27822.12
2021-10-06,27528.87
2021-10-07,27678.21
2021-10-08,28048.94
2021-10-11,28498.2
2021-10-12,28230.61
2021-10-13,28140.28
2021-10-14,28550.93
2021-10-15,29068.63
2021-10-18,29025.46
2021-10-19,29215.52
2021-10-20,29255.55
2021-10-21,28708.58
2021-10-22,28804.85
2021-10-25,28600.41
2021-10-26,29106.01
2021-10-27,29098.24
2021-10-28,28820.09
2021-10-29,28892.69
2021-11-01,29647.08
2021-11-02,29520.9
2021-11-03,
2021-11-04,29794.37
2021-11-05,29611.57
2021-11-08,29507.05
2021-11-09,29285.46
2021-11-10,29106.78
2021-11-11,29277.86
2021-11-12,29609.97
2021-11-15,29776.8
2021-11-16,29808.12
2021-11-17,29688.33
2021-11-18,29598.66
2021-11-19,29745.87
2021-11-22,29774.11
2021-11-23,
2021-11-24,29302.66
2021-11-25,29499.28
2021-11-26,28751.62
2021-11-29,28283.92
2021-11-30,27821.76
2021-12-01,27935.62
2021-12-02,27753.37
2021-12-03,28029.57
2021-12-06,27927.37
2021-12-07,28455.6
2021-12-08,28860.62
2021-12-09,28725.47
2021-12-10,28437.77
2021-12-13,28640.49
2021-12-14,28432.64
2021-12-15,28459.72
2021-12-16,29066.32
2021-12-17,28545.68
2021-12-20,27937.81
2021-12-21,28517.59
2021-12-22,28562.21
2021-12-23,28798.37
2021-12-24,28782.59
2021-12-27,28676.46
2021-12-28,29069.16
2021-12-29,28906.88
2021-12-30,28791.71
2021-12-31,
2022-01-03,
2022-01-04,29301.79
2022-01-05,29332.16
2022-01-06,28487.87
2022-01-07,28478.56
2022-01-10,
2022-01-11,28222.48
2022-01-12,28765.66
2022-01-13,28489.13
2022-01-14,28124.28
2022-01-17,28333.52
2022-01-18,28257.25
2022-01-19,27467.23
2022-01-20,27772.93
2022-01-21,27522.26
2022-01-24,27588.37
2022-01-25,27131.34
2022-01-26,27011.33
2022-01-27,26170.3
2022-01-28,26717.34
2022-01-31,27001.98
2022-02-01,27078.48
2022-02-02,27533.6
2022-02-03,27241.31
2022-02-04,27439.99
2022-02-07,27248.87
2022-02-08,27284.52
2022-02-09,27579.87
2022-02-10,27696.08
2022-02-11,
2022-02-14,27079.59
2022-02-15,26865.19
2022-02-16,27460.4
2022-02-17,27232.87
2022-02-18,27122.07
2022-02-21,26910.87
2022-02-22,26449.61
2022-02-23,
2022-02-24,25970.82
2022-02-25,26476.5
2022-02-28,26526.82
2022-03-01,26844.72
2022-03-02,26393.03
2022-03-03,26577.27
2022-03-04,25985.47
2022-03-07,25221.41
2022-03-08,24790.95
2022-03-09,24717.53
2022-03-10,25690.4
2022-03-11,25162.78
2022-03-14,25307.85
2022-03-15,25346.48
2022-03-16,25762.01
2022-03-17,26652.89
2022-03-18,26827.43
2022-03-21,
2022-03-22,27224.11
2022-03-23,28040.16
2022-03-24,28110.39
2022-03-25,28149.84
2022-03-28,27943.89
2022-03-29,28252.42
2022-03-30,28027.25
2022-03-31,27821.43
2022-04-01,27665.98
2022-04-04,27736.47
2022-04-05,27787.98
2022-04-06,27350.3
2022-04-07,26888.57
2022-04-08,26985.8
2022-04-11,26821.52
2022-04-12,26334.98
2022-04-13,26843.49
2022-04-14,27172.0
2022-04-15,27093.19
2022-04-18,26799.71
2022-04-19,26985.09
2022-04-20,27217.85
2022-04-21,27553.06
2022-04-22,27105.26
2022-04-25,26590.78
2022-04-26,26700.11
2022-04-27,26386.63
2022-04-28,26847.9
2022-04-29,
2022-05-02,26818.53
2022-05-03,
2022-05-04,
2022-05-05,
2022-05-06,27003.56
2022-05-09,26319.34
2022-05-10,26167.1
2022-05-11,26213.64
2022-05-12,25748.72
2022-05-13,26427.65
2022-05-16,26547.05
2022-05-17,26659.75
2022-05-18,26911.2
2022-05-19,26402.84
2022-05-20,26739.03
2022-05-23,27001.52
2022-05-24,26748.14
2022-05-25,26677.8
2022-05-26,26604.84
2022-05-27,26781.68
2022-05-30,27369.43
2022-05-31,27279.8
2022-06-01,27457.89
2022-06-02,27413.88
2022-06-03,27761.57
2022-06-06,27915.89
2022-06-07,27943.95
2022-06-08,28234.29
2022-06-09,28246.53
2022-06-10,27824.29
2022-06-13,26987.44
2022-06-14,26629.86
2022-06-15,26326.16
2022-06-16,26431.2
2022-06-17,25963.0
2022-06-20,25771.22
2022-06-21,26246.31
2022-06-22,26149.55
2022-06-23,26171.25
2022-06-24,26491.97
2022-06-27,26871.27
2022-06-28,27049.47
2022-06-29,26804.6
2022-06-30,26393.04
2022-07-01,25935.62
2022-07-04,26153.81
2022-07-05,26423.47
2022-07-06,26107.65
2022-07-07,26490.53
2022-07-08,26517.19
2022-07-11,26812.3
2022-07-12,26336.66
2022-07-13,26478.77
2022-07-14,26643.39
2022-07-15,26788.47
2022-07-18,
2022-07-19,26961.68
2022-07-20,27680.26
2022-07-21,27803.0
2022-07-22,27914.66
2022-07-25,27699.25
2022-07-26,27655.21
2022-07-27,27715.75
2022-07-28,27815.48
2022-07-29,27801.64
2022-08-01,27993.35
2022-08-02,27594.73
2022-08-03,27741.9
2022-08-04,27932.2
2022-08-05,28175.87
2022-08-08,28249.24
2022-08-09,27999.96
2022-08-10,27819.33
2022-08-11,
2022-08-12,28546.98
2022-08-15,28871.78
2022-08-16,28868.91
2022-08-17,29222.77
2022-08-18,28942.14
2022-08-19,28930.33
2022-08-22,28794.5
2022-08-23,28452.75
2022-08-24,28313.47
2022-08-25,28479.01
2022-08-26,28641.38
2022-08-29,27878.96
2022-08-30,28195.58
2022-08-31,28091.53
2022-09-01,27661.47
2022-09-02,27650.84
2022-09-05,27619.61
2022-09-06,27626.51
2022-09-07,27430.3
2022-09-08,28065.28
2022-09-09,28214.75
2022-09-12,28542.11
2022-09-13,28614.63
2022-09-14,27818.62
2022-09-15,27875.91
2022-09-16,27567.65
2022-09-19,
2022-09-20,27688.42
2022-09-21,27313.13
2022-09-22,27153.83
2022-09-23,
2022-09-26,26431.55
2022-09-27,26571.87
2022-09-28,26173.98
2022-09-29,26422.05
2022-09-30,25937.21
2022-10-03,26215.79
2022-10-04,26992.21
2022-10-05,27120.53
2022-10-06,27311.3
2022-10-07,27116.11
2022-10-10,
2022-10-11,26401.25
2022-10-12,26396.83
2022-10-13,26237.42
2022-10-14,27090.76
2022-10-17,26775.79
2022-10-18,27156.14
2022-10-19,27257.38
2022-10-20,27006.96
2022-10-21,26890.58
2022-10-24,26974.9
2022-10-25,27250.28
2022-10-26,27431.84
2022-10-27,27345.24
2022-10-28,27105.2
2022-10-31,27587.46
2022-11-01,27678.92
2022-11-02,27663.39
2022-11-03,
2022-11-04,27199.74
2022-11-07,27527.64
2022-11-08,27872.11
2022-11-09,27716.43
2022-11-10,27446.1
2022-11-11,28263.57
2022-11-14,27963.47
2022-11-15,27990.17
2022-11-16,28028.3
2022-11-17,27930.57
2022-11-18,27899.77
2022-11-21,27944.79
2022-11-22,28115.74
2022-11-23,
2022-11-24,28383.09
2022-11-25,28283.03
2022-11-28,28162.83
2022-11-29,28027.84
2022-11-30,27968.99
2022-12-01,28226.08
2022-12-02,27777.9
2022-12-05,27820.4
2022-12-06,27885.87
2022-12-07,27686.4
2022-12-08,27574.43
2022-12-09,27901.01
2022-12-12,27842.33
2022-12-13,27954.85
2022-12-14,28156.21
2022-12-15,28051.7
2022-12-16,27527.12
2022-12-19,27237.64
2022-12-20,26568.03
2022-12-21,26387.72
2022-12-22,26507.87
2022-12-23,26235.25
2022-12-26,26405.87
2022-12-27,26447.87
2022-12-28,26340.5
2022-12-29,26093.67
2022-12-30,26094.5
2023-01-02,
2023-01-03,
2023-01-04,25716.86
2023-01-05,25820.8
2023-01-06,25973.85
2023-01-09,
2023-01-10,26175.56
2023-01-11,26446.0
2023-01-12,26449.82
2023-01-13,26119.52
2023-01-16,25822.32
2023-01-17,26138.68
2023-01-18,26791.12
2023-01-19,26405.23
2023-01-20,26553.53
2023-01-23,26906.04
2023-01-24,27299.19
2023-01-25,27395.01
2023-01-26,27362.75
2023-01-27,27382.56
2023-01-30,27433.4
2023-01-31,27327.11
2023-02-01,27346.88
2023-02-02,27402.05
2023-02-03,27509.46
2023-02-06,27693.65
2023-02-07,27685.47
2023-02-08,27606.46
2023-02-09,27584.35
2023-02-10,27670.98
2023-02-13,27427.32
2023-02-14,27602.77
2023-02-15,27501.86
2023-02-16,27696.44
2023-02-17,27513.13
2023-02-20,27531.94
2023-02-21,27473.1
2023-02-22,27104.32
2023-02-23,
2023-02-24,27453.48
2023-02-27,27423.96
2023-02-28,27445.56
2023-03-01,27516.53
2023-03-02,27498.87
2023-03-03,27927.47
2023-03-06,28237.78
2023-03-07,28309.16
2023-03-08,28444.19
2023-03-09,28623.15
2023-03-10,28143.97
2023-03-13,27832.96
2023-03-14,27222.04
2023-03-15,27229.48
2023-03-16,27010.61
2023-03-17,27333.79
2023-03-20,26945.67
2023-03-21,
2023-03-22,27466.61
2023-03-23,27419.61
2023-03-24,27385.25
2023-03-27,27476.87
2023-03-28,27518.25
2023-03-29,27883.78
2023-03-30,27782.93
2023-03-31,28041.48
2023-04-03,28188.15
2023-04-04,28287.42
2023-04-05,27813.26
2023-04-06,27472.63
2023-04-07,27518.31
2023-04-10,27633.66
2023-04-11,27923.37
2023-04-12,28082.7
2023-04-13,28156.97
2023-04-14,28493.47
2023-04-17,28514.78
2023-04-18,28658.83
2023-04-19,28606.76
2023-04-20,28657.57
2023-04-21,28564.37
2023-04-24,28593.52
2023-04-25,28620.07
2023-04-26,28416.47
2023-04-27,28457.68
2023-04-28,28856.44
2023-05-01,29123.18
2023-05-02,29157.95
2023-05-03,
2023-05-04,
2023-05-05,
2023-05-08,28949.88
2023-05-09,29242.82
2023-05-10,29122.18
2023-05-11,29126.72
2023-05-12,29388.3
2023-05-15,29626.34
2023-05-16,29842.99
2023-05-17,30093.59
2023-05-18,30573.93
2023-05-19,30808.35
2023-05-22,31086.82
2023-05-23,30957.77
2023-05-24,30682.68
2023-05-25,30801.13
2023-05-26,30916.31
2023-05-29,31233.54
2023-05-30,31328.16
2023-05-31,30887.88
2023-06-01,31148.01
2023-06-02,31524.22
2023-06-05,32217.43
2023-06-06,32506.78
2023-06-07,31913.74
2023-06-08,31641.27
2023-06-09,32265.17
2023-06-12,32434.0
2023-06-13,33018.65
2023-06-14,33502.42
2023-06-15,33485.49
2023-06-16,33706.08
2023-06-19,33370.42
2023-06-20,33388.91
2023-06-21,33575.14
2023-06-22,33264.88
2023-06-23,32781.54
2023-06-26,32698.81
2023-06-27,32538.33
2023-06-28,33193.99
2023-06-29,33234.14
2023-06-30,33189.04
2023-07-03,33753.33
2023-07-04,33422.52
2023-07-05,33338.7
2023-07-06,32773.02
2023-07-07,32388.42
2023-07-10,32189.73
2023-07-11,32203.57
2023-07-12,31943.93
2023-07-13,32419.33
2023-07-14,32391.26
2023-07-17,
2023-07-18,32493.89
2023-07-19,32896.03
2023-07-20,32490.52
2023-07-21,32304.25
2023-07-24,32700.94
2023-07-25,32682.51
2023-07-26,32668.34
2023-07-27,32891.16
2023-07-28,32759.23
2023-07-31,33172.22
2023-08-01,33476.58
2023-08-02,32707.69
2023-08-03,32159.28
2023-08-04,32192.75
2023-08-07,32254.56
2023-08-08,32377.29
2023-08-09,32204.33
2023-08-10,32473.65
2023-08-11,
2023-08-14,32059.91
2023-08-15,32238.89
2023-08-16,31766.82
2023-08-17,31626.0
2023-08-18,31450.76
2023-08-21,31565.64
2023-08-22,31856.71
2023-08-23,32010.26
2023-08-24,32287.21
2023-08-25,31624.28
2023-08-28,32169.99
2023-08-29,32226.97
2023-08-30,32333.46
2023-08-31,32619.34
2023-09-01,32710.62
2023-09-04,32939.18
2023-09-05,33036.76
2023-09-06,33241.02
2023-09-07,32991.08
2023-09-08,32606.84
2023-09-11,32467.76
2023-09-12,32776.37
2023-09-13,32706.52
2023-09-14,33168.1
2023-09-15,33533.09
2023-09-18,
2023-09-19,33242.59
2023-09-20,33023.78
2023-09-21,32571.03
2023-09-22,32402.41
2023-09-25,32678.62
2023-09-26,32315.05
2023-09-27,32371.9
2023-09-28,31872.52
2023-09-29,31857.62
2023-10-02,31759.88
2023-10-03,31237.94
2023-10-04,30526.88
2023-10-05,31075.36
2023-10-06,30994.67
2023-10-09,
2023-10-10,31746.53
2023-10-11,31936.51
2023-10-12,32494.66
2023-10-13,32315.99
2023-10-16,31659.03
2023-10-17,32040.29
2023-10-18,32042.25
2023-10-19,31430.62
2023-10-20,31259.36
2023-10-23,30999.55
2023-10-24,31062.35
2023-10-25,31269.92
2023-10-26,30601.78
2023-10-27,30991.69
2023-10-30,30696.96
2023-10-31,30858.85
2023-11-01,31601.65
2023-11-02,31949.89
2023-11-03,
2023-11-06,32708.48
2023-11-07,32271.82
2023-11-08,32166.48
2023-11-09,32646.46
2023-11-10,32568.11
2023-11-13,32585.11
2023-11-14,32695.93
2023-11-15,33519.7
2023-11-16,33424.41
2023-11-17,33585.2
2023-11-20,33388.03
2023-11-21,33354.14
2023-11-22,33451.83
2023-11-23,
2023-11-24,33625.53
2023-11-27,33447.67
2023-11-28,33408.39
2023-11-29,33321.22
2023-11-30,33486.89
2023-12-01,33431.51
2023-12-04,33231.27
2023-12-05,32775.82
2023-12-06,33445.9
2023-12-07,32858.31
2023-12-08,32307.86
2023-12-11,32791.8
2023-12-12,32843.7
2023-12-13,32926.35
2023-12-14,32686.25
2023-12-15,32970.55
2023-12-18,32758.98
2023-12-19,33219.39
2023-12-20,33675.94
2023-12-21,33140.47
2023-12-22,33169.05
2023-12-25,33254.03
2023-12-26,33305.85
2023-12-27,33681.24
2023-12-28,33539.62
2023-12-29,33464.17
2024-01-01,
2024-01-02,
2024-01-03,
2024-01-04,33288.29
2024-01-05,33377.42
2024-01-08,
2024-01-09,33763.18
2024-01-10,34441.72
2024-01-11,35049.86
2024-01-12,35577.11
2024-01-15,35901.79
2024-01-16,35619.18
2024-01-17,35477.75
2024-01-18,35466.17
2024-01-19,35963.27
2024-01-22,36546.95
2024-01-23,36517.57
2024-01-24,36226.48
2024-01-25,36236.47
2024-01-26,35751.07
2024-01-29,36026.94
2024-01-30,36065.86
2024-01-31,36286.71
2024-02-01,36011.46
2024-02-02,36158.02
2024-02-05,36354.16
2024-02-06,36160.66
2024-02-07,36119.92
2024-02-08,36863.28
2024-02-09,36897.42
2024-02-12,
2024-02-13,37963.97
2024-02-14,37703.32
2024-02-15,38157.94
2024-02-16,38487.24
2024-02-19,38470.38
2024-02-20,38363.61
2024-02-21,38262.16
2024-02-22,39098.68
2024-02-23,
2024-02-26,39233.71
2024-02-27,39239.52
2024-02-28,39208.03
2024-02-29,39166.19
2024-03-01,39910.82
2024-03-04,40109.23
2024-03-05,40097.63
2024-03-06,40090.78
2024-03-07,39598.71
2024-03-08,39688.94
2024-03-11,38820.49
2024-03-12,38797.51
2024-03-13,38695.97
2024-03-14,38807.38
2024-03-15,38707.64
2024-03-18,39740.44
2024-03-19,40003.6
2024-03-20,
2024-03-21,40815.66
2024-03-22,40888.43
2024-03-25,40414.12
2024-03-26,40398.03
2024-03-27,40762.73
2024-03-28,40168.07
2024-03-29,40369.44
2024-04-01,39803.09
2024-04-02,39838.91
2024-04-03,39451.85
2024-04-04,39773.14
2024-04-05,38992.08
2024-04-08,39347.04
2024-04-09,39773.13
2024-04-10,39581.81
2024-04-11,39442.63
2024-04-12,39523.55
2024-04-15,39232.8
2024-04-16,38471.2
2024-04-17,37961.8
2024-04-18,38079.7
2024-04-19,37068.35
2024-04-22,37438.61
2024-04-23,37552.16
2024-04-24,38460.08
2024-04-25,37628.48
2024-04-26,37934.76
2024-04-29,
2024-04-30,38405.66
2024-05-01,38274.05
2024-05-02,38236.07
2024-05-03,
2024-05-06,
2024-05-07,38835.1
2024-05-08,38202.37
2024-05-09,38073.98
2024-05-10,38229.11
2024-05-13,38179.46
2024-05-14,38356.06
2024-05-15,38385.73
2024-05-16,38920.26
2024-05-17,38787.38
2024-05-20,39069.68
2024-05-21,38946.93
2024-05-22,38617.1
2024-05-23,39103.22
2024-05-24,38646.11
2024-05-27,38900.02
2024-05-28,38855.37
2024-05-29,38556.87
2024-05-30,38054.13
2024-05-31,38487.9
2024-06-03,38923.03
2024-06-04,38837.46
2024-06-05,38490.17
2024-06-06,38703.51
2024-06-07,38683.93
2024-06-10,39038.16
2024-06-11,39134.79
2024-06-12,38876.71
2024-06-13,38720.47
2024-06-14,38814.56
2024-06-17,38102.44
2024-06-18,38482.11
2024-06-19,38570.76
2024-06-20,38633.02
2024-06-21,38596.47
2024-06-24,38804.65
2024-06-25,39173.15
2024-06-26,39667.07
2024-06-27,39341.54
2024-06-28,39583.08
2024-07-01,39631.06
2024-07-02,40074.69
2024-07-03,40580.76
2024-07-04,40913.65
2024-07-05,40912.37
2024-07-08,40780.7
2024-07-09,41580.17
2024-07-10,41831.99
2024-07-11,42224.02
2024-07-12,41190.68
2024-07-15,
2024-07-16,41275.08
2024-07-17,41097.69
2024-07-18,40126.35
2024-07-19,40063.79
2024-07-22,39599.0
2024-07-23,39594.39
2024-07-24,39154.85
2024-07-25,37869.51
2024-07-26,37667.41
2024-07-29,38468.63
2024-07-30,38525.95
2024-07-31,39101.82
2024-08-01,38126.33
2024-08-02,35909.7
2024-08-05,31458.42
2024-08-06,34675.46
2024-08-07,35089.62
2024-08-08,34831.15
2024-08-09,35025.0
2024-08-12,
2024-08-13,36232.51
2024-08-14,36442.43
2024-08-15,36726.64
2024-08-16,38062.67
2024-08-19,37388.62
2024-08-20,38062.92
2024-08-21,37951.8
2024-08-22,38211.01
2024-08-23,38364.27
2024-08-26,38110.22
2024-08-27,38288.62
2024-08-28,38371.76
2024-08-29,38362.53
2024-08-30,38647.75
2024-09-02,38700.87
2024-09-03,38686.31
2024-09-04,37047.61
2024-09-05,36657.09
2024-09-06,36391.47
2024-09-09,36215.75
2024-09-10,36159.16
2024-09-11,35619.77
2024-09-12,36833.27
2024-09-13,36581.76
2024-09-16,
2024-09-17,36203.22
2024-09-18,36380.17
2024-09-19,37155.33
2024-09-20,37723.91
2024-09-23,
2024-09-24,37940.59
2024-09-25,37870.26
2024-09-26,38925.63
2024-09-27,39829.56
2024-09-30,37919.55
2024-10-01,38651.97
2024-10-02,37808.76
2024-10-03,38552.06
2024-10-04,38635.62
2024-10-07,39332.74
2024-10-08,38937.54
2024-10-09,39277.96
2024-10-10,39380.89
