Date,Price
2015-06-22,146305.00 
2015-06-23,146094.00 
2015-06-24,145592.00 
2015-06-25,144922.00 
2015-06-26,145588.00 
2015-06-29,144561.00 
2015-06-30,143504.00 
2015-07-01,143974.00 
2015-07-02,143500.00 
2015-07-03,143507.00 
2015-07-06,143463.00 
2015-07-07,141736.00 
2015-07-08,139767.00 
2015-07-09,140651.00 
2015-07-10,142846.00 
2015-07-13,142941.00 
2015-07-14,142603.00 
2015-07-15,142281.00 
2015-07-16,142192.00 
2015-07-17,140770.00 
2015-07-20,136276.00 
2015-07-21,136423.00 
2015-07-22,135650.00 
2015-07-23,135130.00 
2015-07-24,136091.00 
2015-07-27,134856.00 
2015-07-28,135331.00 
2015-07-29,135919.00 
2015-07-30,135194.00 
2015-07-31,135795.00 
2015-08-03,134764.00 
2015-08-04,135263.00 
2015-08-05,135517.00 
2015-08-06,136173.00 
2015-08-07,135922.00 
2015-08-10,137680.00 
2015-08-11,138770.00 
2015-08-12,139680.00 
2015-08-13,138741.00 
2015-08-14,138593.00 
2015-08-17,139012.00 
2015-08-18,139049.00 
2015-08-19,140432.00 
2015-08-20,142176.00 
2015-08-21,141677.00 
2015-08-24,136776.00 
2015-08-25,135620.00 
2015-08-26,134941.00 
2015-08-27,136129.00 
2015-08-28,138007.00 
2015-08-31,137597.00 
2015-09-01,136123.00 
2015-09-02,136455.00 
2015-09-03,135132.00 
2015-09-04,133506.00 
2015-09-07,133526.00 
2015-09-08,134392.00 
2015-09-09,133496.00 
2015-09-10,133962.00 
2015-09-11,133567.00 
2015-09-14,133347.00 
2015-09-15,133117.00 
2015-09-16,134968.00 
2015-09-17,135792.00 
2015-09-18,136687.00 
2015-09-21,136620.00 
2015-09-22,135134.00 
2015-09-23,135982.00 
2015-09-24,138579.00 
2015-09-25,138214.00 
2015-09-28,135761.00 
2015-09-29,134977.00 
2015-09-30,133645.00 
2015-10-01,133553.00 
2015-10-02,136506.00 
2015-10-05,136795.00 
2015-10-06,137963.00 
2015-10-07,137473.00 
2015-10-08,136619.00 
2015-10-09,139098.00 
2015-10-12,139721.00 
2015-10-13,139935.00 
2015-10-14,140837.00 
2015-10-15,140660.00 
2015-10-16,140611.00 
2015-10-19,139905.00 
2015-10-20,140944.00 
2015-10-21,139994.00 
2015-10-22,140714.00 
2015-10-23,141441.00 
2015-10-26,140904.00 
2015-10-27,140547.00 
2015-10-28,139992.00 
2015-10-29,138808.00 
2015-10-30,137799.00 
2015-11-02,136882.00 
2015-11-03,135321.00 
2015-11-04,134671.00 
2015-11-05,134406.00 
2015-11-06,134213.00 
2015-11-09,134580.00 
2015-11-10,134214.00 
2015-11-11,133399.00 
2015-11-12,133074.00 
2015-11-13,132923.00 
2015-11-16,133369.00 
2015-11-17,132123.00 
2015-11-18,132388.00 
2015-11-19,132971.00 
2015-11-20,132491.00 
2015-11-23,131346.00 
2015-11-24,131822.00 
2015-11-25,131476.00 
2015-11-26,131480.00 
2015-11-27,129968.00 
2015-11-30,131071.00 
2015-12-01,131432.00 
2015-12-02,129844.00 
2015-12-03,130245.00 
2015-12-04,133891.00 
2015-12-07,132172.00 
2015-12-08,132149.00 
2015-12-09,130270.00 
2015-12-10,130318.00 
2015-12-11,129863.00 
2015-12-14,128344.00 
2015-12-15,129078.00 
2015-12-16,131038.00 
2015-12-17,128921.00 
2015-12-18,129244.00 
2015-12-21,130698.00 
2015-12-22,129835.00 
2015-12-23,129359.00 
2015-12-24,129574.00 
2015-12-25,129562.00 
2015-12-28,128737.00 
2015-12-29,128790.00 
2015-12-30,127957.00 
2015-12-31,127642.00 
2016-01-04,128303.00 
2016-01-05,128269.00 
2016-01-06,129570.00 
2016-01-07,130501.00 
2016-01-08,129688.00 
2016-01-11,128849.00 
2016-01-12,127880.00 
2016-01-13,128677.00 
2016-01-14,127276.00 
2016-01-15,127449.00 
2016-01-18,127777.00 
2016-01-19,127843.00 
2016-01-20,128761.00 
2016-01-21,129623.00 
2016-01-22,130461.00 
2016-01-25,131187.00 
2016-01-26,132654.00 
2016-01-27,133516.00 
2016-01-28,132502.00 
2016-01-29,135345.00 
2016-02-01,136527.00 
2016-02-02,135440.00 
2016-02-03,134696.00 
2016-02-04,134945.00 
2016-02-05,137205.00 
2016-02-08,137767.00 
2016-02-09,136889.00 
2016-02-10,135751.00 
2016-02-11,140213.00 
2016-02-12,140178.00 
2016-02-15,138631.00 
2016-02-16,136884.00 
2016-02-17,137897.00 
2016-02-18,139365.00 
2016-02-19,138258.00 
2016-02-22,136524.00 
2016-02-23,137596.00 
2016-02-24,137937.00 
2016-02-25,139363.00 
2016-02-26,139376.00 
2016-02-29,139589.00 
2016-03-01,140488.00 
2016-03-02,140691.00 
2016-03-03,143862.00 
2016-03-04,143235.00 
2016-03-07,143816.00 
2016-03-08,142052.00 
2016-03-09,141864.00 
2016-03-10,143817.00 
2016-03-11,142187.00 
2016-03-14,140605.00 
2016-03-15,139486.00 
2016-03-16,142210.00 
2016-03-17,140122.00 
2016-03-18,140054.00 
2016-03-21,139244.00 
2016-03-22,140286.00 
2016-03-23,137124.00 
2016-03-24,137405.00 
2016-03-25,137547.00 
2016-03-28,138534.00 
2016-03-29,140018.00 
2016-03-30,137704.00 
2016-03-31,138771.00 
2016-04-01,136510.00 
2016-04-04,135317.00 
2016-04-05,135876.00 
2016-04-06,134208.00 
2016-04-07,134262.00 
2016-04-08,134031.00 
2016-04-11,135773.00 
2016-04-12,136327.00 
2016-04-13,135932.00 
2016-04-14,134277.00 
2016-04-15,134221.00 
2016-04-18,134023.00 
2016-04-19,136555.00 
2016-04-20,136681.00 
2016-04-21,136692.00 
2016-04-22,137759.00 
2016-04-25,137661.00 
2016-04-26,138414.00 
2016-04-27,138897.00 
2016-04-28,136926.00 
2016-04-29,137610.00 
2016-05-02,137433.00 
2016-05-03,137094.00 
2016-05-04,136926.00 
2016-05-05,137077.00 
2016-05-06,138052.00 
2016-05-09,136906.00 
2016-05-10,138374.00 
2016-05-11,138509.00 
2016-05-12,137753.00 
2016-05-13,138333.00 
2016-05-16,138883.00 
2016-05-17,139677.00 
2016-05-18,138658.00 
2016-05-19,137951.00 
2016-05-20,137940.00 
2016-05-23,136462.00 
2016-05-24,134958.00 
2016-05-25,134930.00 
2016-05-26,133930.00 
2016-05-27,133649.00 
2016-05-30,133976.00 
2016-05-31,134540.00 
2016-06-01,132917.00 
2016-06-02,131830.00 
2016-06-03,132570.00 
2016-06-06,133932.00 
2016-06-07,133539.00 
2016-06-08,135031.00 
2016-06-09,135920.00 
2016-06-10,136321.00 
2016-06-13,136424.00 
2016-06-14,136448.00 
2016-06-15,136918.00 
2016-06-16,133345.00 
2016-06-17,135217.00 
2016-06-20,134092.00 
2016-06-21,132864.00 
2016-06-22,132209.00 
2016-06-23,133294.00 
2016-06-24,134533.00 
2016-06-27,135136.00 
2016-06-28,134873.00 
2016-06-29,135616.00 
2016-06-30,136568.00 
2016-07-01,137619.00 
2016-07-04,138543.00 
2016-07-05,137954.00 
2016-07-06,138197.00 
2016-07-07,137128.00 
2016-07-08,137425.00 
2016-07-11,139327.00 
2016-07-12,139418.00 
2016-07-13,140321.00 
2016-07-14,140636.00 
2016-07-15,140267.00 
2016-07-18,141065.00 
2016-07-19,141373.00 
2016-07-20,140621.00 
2016-07-21,140853.00 
2016-07-22,140262.00 
2016-07-25,139166.00 
2016-07-26,138192.00 
2016-07-27,141231.00 
2016-07-28,140618.00 
2016-07-29,137878.00 
2016-08-01,138562.00 
2016-08-02,137589.00 
2016-08-03,137502.00 
2016-08-04,137779.00 
2016-08-05,136018.00 
2016-08-08,136807.00 
2016-08-09,136616.00 
2016-08-10,136398.00 
2016-08-11,136505.00 
2016-08-12,135350.00 
2016-08-15,135617.00 
2016-08-16,135018.00 
2016-08-17,135231.00 
2016-08-18,135087.00 
2016-08-19,134476.00 
2016-08-22,134346.00 
2016-08-23,134081.00 
2016-08-24,133017.00 
2016-08-25,132890.00 
2016-08-26,134545.00 
2016-08-29,134861.00 
2016-08-30,135005.00 
2016-08-31,135373.00 
2016-09-01,135655.00 
2016-09-02,137797.00 
2016-09-05,137267.00 
2016-09-06,137705.00 
2016-09-07,136858.00 
2016-09-08,137161.00 
2016-09-09,136410.00 
2016-09-12,135226.00 
2016-09-13,135281.00 
2016-09-14,135506.00 
2016-09-15,134241.00 
2016-09-16,134050.00 
2016-09-19,133881.00 
2016-09-20,133728.00 
2016-09-21,134107.00 
2016-09-22,134733.00 
2016-09-23,135090.00 
2016-09-26,134245.00 
2016-09-27,133319.00 
2016-09-28,133020.00 
2016-09-29,133393.00 
2016-09-30,133366.00 
2016-10-03,133354.00 
2016-10-04,130501.00 
2016-10-05,131110.00 
2016-10-06,130418.00 
2016-10-07,129361.00 
2016-10-10,130516.00 
2016-10-11,129725.00 
2016-10-12,130818.00 
2016-10-13,130461.00 
2016-10-14,130291.00 
2016-10-17,130492.00 
2016-10-18,131165.00 
2016-10-19,131322.00 
2016-10-20,131586.00 
2016-10-21,131533.00 
2016-10-24,131736.00 
2016-10-25,132805.00 
2016-10-26,132370.00 
2016-10-27,133561.00 
2016-10-28,133635.00 
2016-10-31,133895.00 
2016-11-01,134179.00 
2016-11-02,133960.00 
2016-11-03,134148.00 
2016-11-04,134505.00 
2016-11-07,133883.00 
2016-11-08,134142.00 
2016-11-09,135051.00 
2016-11-10,134530.00 
2016-11-11,130774.00 
2016-11-14,132408.00 
2016-11-15,134150.00 
2016-11-16,133524.00 
2016-11-17,133949.00 
2016-11-18,134108.00 
2016-11-21,134545.00 
2016-11-22,134735.00 
2016-11-23,133608.00 
2016-11-24,134195.00 
2016-11-25,133845.00 
2016-11-28,133573.00 
2016-11-29,133547.00 
2016-11-30,134310.00 
2016-12-01,133681.00 
2016-12-02,133686.00 
2016-12-05,133283.00 
2016-12-06,133413.00 
2016-12-07,133555.00 
2016-12-08,133507.00 
2016-12-09,133617.00 
2016-12-12,133711.00 
2016-12-13,133417.00 
2016-12-14,133794.00 
2016-12-15,133364.00 
2016-12-16,133804.00 
2016-12-19,133326.00 
2016-12-20,133418.00 
2016-12-21,132861.00 
2016-12-22,132667.00 
2016-12-23,133016.00 
2016-12-26,132774.00 
2016-12-27,133738.00 
2016-12-28,133860.00 
2016-12-29,134948.00 
2016-12-30,134645.00 
2017-01-02,135406.00 
2017-01-03,136474.00 
2017-01-04,136373.00 
2017-01-05,136119.00 
2017-01-06,137131.00 
2017-01-09,137026.00 
2017-01-10,137488.00 
2017-01-11,137552.00 
2017-01-12,137150.00 
2017-01-13,137168.00 
2017-01-16,137403.00 
2017-01-17,137061.00 
2017-01-18,138113.00 
2017-01-19,138391.00 
2017-01-20,138663.00 
2017-01-23,137297.00 
2017-01-24,137586.00 
2017-01-25,135970.00 
2017-01-26,136122.00 
2017-01-27,137129.00 
2017-01-30,135983.00 
2017-01-31,136545.00 
2017-02-01,137027.00 
2017-02-02,137166.00 
2017-02-03,137487.00 
2017-02-06,138078.00 
2017-02-07,138597.00 
2017-02-08,139090.00 
2017-02-09,139218.00 
2017-02-10,139721.00 
2017-02-13,139420.00 
2017-02-14,140390.00 
2017-02-15,140766.00 
2017-02-16,140338.00 
2017-02-17,139434.00 
2017-02-20,140061.00 
2017-02-21,140503.00 
2017-02-22,140202.00 
2017-02-23,140665.00 
2017-02-24,141017.00 
2017-02-27,141214.00 
2017-02-28,140792.00 
2017-03-01,142100.00 
2017-03-02,141233.00 
2017-03-03,140729.00 
2017-03-06,139574.00 
2017-03-07,138592.00 
2017-03-08,138152.00 
2017-03-09,138037.00 
2017-03-10,138222.00 
2017-03-13,138359.00 
2017-03-14,137588.00 
2017-03-15,138310.00 
2017-03-16,139012.00 
2017-03-17,138555.00 
2017-03-20,138882.00 
2017-03-21,139098.00 
2017-03-22,138853.00 
2017-03-23,138148.00 
2017-03-24,138527.00 
2017-03-27,138807.00 
2017-03-28,139125.00 
2017-03-29,139079.00 
2017-03-30,139157.00 
2017-03-31,139146.00 
2017-04-03,138992.00 
2017-04-04,139121.00 
2017-04-05,139001.00 
2017-04-06,138718.00 
2017-04-07,139343.00 
2017-04-10,139193.00 
2017-04-11,139699.00 
2017-04-12,140279.00 
2017-04-13,140487.00 
2017-04-14,139677.00 
2017-04-17,139921.00 
2017-04-18,139830.00 
2017-04-19,139310.00 
2017-04-20,140132.00 
2017-04-21,140120.00 
2017-04-24,139983.00 
2017-04-25,140397.00 
2017-04-26,140935.00 
2017-04-27,140706.00 
2017-04-28,141456.00 
2017-05-01,140558.00 
2017-05-02,140754.00 
2017-05-03,139613.00 
2017-05-04,138075.00 
2017-05-05,138397.00 
2017-05-08,138885.00 
2017-05-09,139210.00 
2017-05-10,139331.00 
2017-05-11,139468.00 
2017-05-12,139282.00 
2017-05-15,140012.00 
2017-05-16,139907.00 
2017-05-17,139722.00 
2017-05-18,139035.00 
2017-05-19,139711.00 
2017-05-22,140283.00 
2017-05-23,139861.00 
2017-05-24,140317.00 
2017-05-25,140437.00 
2017-05-26,141090.00 
2017-05-29,140964.00 
2017-05-30,140008.00 
2017-05-31,140529.00 
2017-06-01,140936.00 
2017-06-02,141329.00 
2017-06-05,141360.00 
2017-06-06,141576.00 
2017-06-07,141350.00 
2017-06-08,140674.00 
2017-06-09,139768.00 
2017-06-12,139149.00 
2017-06-13,139375.00 
2017-06-14,138226.00 
2017-06-15,139094.00 
2017-06-16,138983.00 
2017-06-19,138676.00 
2017-06-20,138560.00 
2017-06-21,138834.00 
2017-06-22,139225.00 
2017-06-23,139882.00 
2017-06-26,139185.00 
2017-06-27,140118.00 
2017-06-28,140276.00 
2017-06-29,139752.00 
2017-06-30,139532.00 
2017-07-03,138370.00 
2017-07-04,138652.00 
2017-07-05,138970.00 
2017-07-06,138717.00 
2017-07-07,138144.00 
2017-07-10,138484.00 
2017-07-11,138722.00 
2017-07-12,138074.00 
2017-07-13,137947.00 
2017-07-14,138304.00 
2017-07-17,139023.00 
2017-07-18,139244.00 
2017-07-19,138972.00 
2017-07-20,139293.00 
2017-07-21,139456.00 
2017-07-24,139464.00 
2017-07-25,139757.00 
2017-07-26,140203.00 
2017-07-27,140070.00 
2017-07-28,140462.00 
2017-07-31,139974.00 
2017-08-01,140052.00 
2017-08-02,140260.00 
2017-08-03,139609.00 
2017-08-04,139327.00 
2017-08-06,139689.00 
2017-08-07,139284.00 
2017-08-08,139068.00 
2017-08-09,140639.00 
2017-08-10,140532.00 
2017-08-11,140762.00 
2017-08-13,140808.00 
2017-08-14,140547.00 
2017-08-15,140793.00 
2017-08-16,141397.00 
2017-08-17,141127.00 
2017-08-18,140261.00 
2017-08-20,140113.00 
2017-08-21,140817.00 
2017-08-22,140767.00 
2017-08-23,140723.00 
2017-08-24,140923.00 
2017-08-25,141194.00 
2017-08-27,141463.00 
2017-08-28,143177.00 
2017-08-29,143725.00 
2017-08-30,144284.00 
2017-08-31,145395.00 
2017-09-01,146098.00 
2017-09-03,146795.00 
2017-09-04,146467.00 
2017-09-05,145740.00 
2017-09-06,145735.00 
2017-09-07,146328.00 
2017-09-08,145236.00 
2017-09-10,144844.00 
2017-09-11,145216.00 
2017-09-12,146753.00 
2017-09-13,146130.00 
2017-09-14,146593.00 
2017-09-15,146274.00 
2017-09-17,146392.00 
2017-09-18,145885.00 
2017-09-19,146332.00 
2017-09-20,146009.00 
2017-09-21,145250.00 
2017-09-22,145287.00 
2017-09-24,145134.00 
2017-09-25,146435.00 
2017-09-26,145221.00 
2017-09-27,144556.00 
2017-09-28,144622.00 
2017-09-29,143925.00 
2017-10-01,143923.00 
2017-10-02,143339.00 
2017-10-03,143479.00 
2017-10-04,143729.00 
2017-10-05,143062.00 
2017-10-06,143738.00 
2017-10-08,143493.00 
2017-10-09,144681.00 
2017-10-10,144825.00 
2017-10-11,145321.00 
2017-10-12,145269.00 
2017-10-13,145923.00 
2017-10-15,145944.00 
2017-10-16,145257.00 
2017-10-17,144211.00 
2017-10-18,144689.00 
2017-10-19,145160.00 
2017-10-20,145382.00 
2017-10-22,145531.00 
2017-10-23,145431.00 
2017-10-24,145419.00 
2017-10-25,145299.00 
2017-10-26,144431.00 
2017-10-27,144760.00 
2017-10-29,144694.00 
2017-10-30,144440.00 
2017-10-31,144496.00 
2017-11-01,145512.00 
2017-11-02,145572.00 
2017-11-03,144869.00 
2017-11-05,145094.00 
2017-11-06,145769.00 
2017-11-07,145406.00 
2017-11-08,145920.00 
2017-11-09,145802.00 
2017-11-10,144886.00 
2017-11-12,145016.00 
2017-11-13,145253.00 
2017-11-14,145234.00 
2017-11-15,144282.00 
2017-11-16,144560.00 
2017-11-17,145080.00 
2017-11-19,144745.00 
2017-11-20,143806.00 
2017-11-21,143989.00 
2017-11-22,143709.00 
2017-11-23,143613.00 
2017-11-24,143695.00 
2017-11-26,143858.00 
2017-11-27,143797.00 
2017-11-28,144262.00 
2017-11-29,143674.00 
2017-11-30,143462.00 
2017-12-01,143531.00 
2017-12-03,143865.00 
2017-12-04,143462.00 
2017-12-05,142543.00 
2017-12-06,141872.00 
2017-12-07,141023.00 
2017-12-08,141646.00 
2017-12-10,141881.00 
2017-12-11,141062.00 
2017-12-12,141268.00 
2017-12-13,141324.00 
2017-12-14,140825.00 
2017-12-15,141324.00 
2017-12-17,141254.00 
2017-12-18,142001.00 
2017-12-19,142433.00 
2017-12-20,143493.00 
2017-12-21,143553.00 
2017-12-22,144420.00 
2017-12-24,144555.00 
2017-12-25,144454.00 
2017-12-26,145275.00 
2017-12-27,145906.00 
2017-12-28,146187.00 
2017-12-29,146778.00 
2017-12-31,146798.00 
2018-01-01,146738.00 
2018-01-02,147959.00 
2018-01-03,147743.00 
2018-01-04,149134.00 
2018-01-05,149290.00 
2018-01-07,149523.00 
2018-01-08,149330.00 
2018-01-09,147900.00 
2018-01-10,146744.00 
2018-01-11,147127.00 
2018-01-12,148617.00 
2018-01-14,148460.00 
2018-01-15,148141.00 
2018-01-16,147843.00 
2018-01-17,147589.00 
2018-01-18,147438.00 
2018-01-19,147530.00 
2018-01-21,147772.00 
2018-01-22,147969.00 
2018-01-23,147957.00 
2018-01-24,148382.00 
2018-01-25,147525.00 
2018-01-26,146781.00 
2018-01-28,146661.00 
2018-01-29,146043.00 
2018-01-30,145619.00 
2018-01-31,146887.00 
2018-02-01,147579.00 
2018-02-02,146768.00 
2018-02-04,146576.00 
2018-02-05,146141.00 
2018-02-06,145126.00 
2018-02-07,144221.00 
2018-02-08,143439.00 
2018-02-09,143245.00 
2018-02-11,143052.00 
2018-02-12,143708.00 
2018-02-13,143348.00 
2018-02-14,144516.00 
2018-02-15,143628.00 
2018-02-16,143297.00 
2018-02-18,143148.00 
2018-02-19,143558.00 
2018-02-20,142703.00 
2018-02-21,142761.00 
2018-02-22,142194.00 
2018-02-23,142044.00 
2018-02-25,142211.00 
2018-02-26,142592.00 
2018-02-27,141531.00 
2018-02-28,140620.00 
2018-03-01,139921.00 
2018-03-02,139823.00 
2018-03-04,139483.00 
2018-03-05,140236.00 
2018-03-06,141644.00 
2018-03-07,140612.00 
2018-03-08,140411.00 
2018-03-09,141365.00 
2018-03-11,141528.00 
2018-03-12,140792.00 
2018-03-13,141361.00 
2018-03-14,140881.00 
2018-03-15,139977.00 
2018-03-16,139258.00 
2018-03-18,139083.00 
2018-03-19,139722.00 
2018-03-20,139690.00 
2018-03-21,141284.00 
2018-03-22,139913.00 
2018-03-23,141109.00 
2018-03-25,141508.00 
2018-03-26,142669.00 
2018-03-27,141659.00 
2018-03-28,141579.00 
2018-03-29,141020.00 
2018-03-30,140815.00 
2018-04-01,141191.00 
2018-04-02,142043.00 
2018-04-03,142086.00 
2018-04-04,142375.00 
2018-04-05,142445.00 
2018-04-06,142559.00 
2018-04-09,142664.00 
2018-04-10,143660.00 
2018-04-11,144524.00 
2018-04-12,143334.00 
2018-04-13,144429.00 
2018-04-16,144175.00 
2018-04-17,144167.00 
2018-04-18,144695.00 
2018-04-19,144484.00 
2018-04-20,143747.00 
2018-04-23,144041.00 
2018-04-24,144805.00 
2018-04-25,144806.00 
2018-04-26,143974.00 
2018-04-27,144245.00 
2018-04-30,143814.00 
2018-05-01,143261.00 
2018-05-02,143331.00 
2018-05-03,143274.00 
2018-05-04,143505.00 
2018-05-07,143383.00 
2018-05-08,143442.00 
2018-05-09,144071.00 
2018-05-10,144554.00 
2018-05-11,144206.00 
2018-05-14,143964.00 
2018-05-15,142425.00 
2018-05-16,142516.00 
2018-05-17,143011.00 
2018-05-18,143151.00 
2018-05-21,143558.00 
2018-05-22,143201.00 
2018-05-23,142417.00 
2018-05-24,142564.00 
2018-05-25,142390.00 
2018-05-28,142039.00 
2018-05-29,141270.00 
2018-05-30,141738.00 
2018-05-31,141221.00 
2018-06-01,141658.00 
2018-06-04,141889.00 
2018-06-05,142388.00 
2018-06-06,142910.00 
2018-06-07,142260.00 
2018-06-08,142278.00 
2018-06-11,143062.00 
2018-06-12,143043.00 
2018-06-13,143410.00 
2018-06-14,144065.00 
2018-06-15,141646.00 
2018-06-18,141317.00 
2018-06-19,140289.00 
2018-06-20,139934.00 
2018-06-21,139385.00 
2018-06-22,139583.00 
2018-06-25,138975.00 
2018-06-26,138570.00 
2018-06-27,138048.00 
2018-06-28,137925.00 
2018-06-29,138682.00 
2018-07-02,137729.00 
2018-07-03,138568.00 
2018-07-04,138862.00 
2018-07-05,139140.00 
2018-07-06,138626.00 
2018-07-09,139418.00 
2018-07-10,139371.00 
2018-07-11,139141.00 
2018-07-12,140385.00 
2018-07-13,139516.00 
2018-07-16,139349.00 
2018-07-17,138556.00 
2018-07-18,138493.00 
2018-07-19,137523.00 
2018-07-20,137231.00 
2018-07-23,136347.00 
2018-07-24,136170.00 
2018-07-25,136679.00 
2018-07-26,135992.00 
2018-07-27,135850.00 
2018-07-30,135705.00 
2018-07-31,136916.00 
2018-08-01,135864.00 
2018-08-02,134864.00 
2018-08-03,135013.00 
2018-08-06,134460.00 
2018-08-07,134889.00 
2018-08-08,134692.00 
2018-08-09,134674.00 
2018-08-10,134382.00 
2018-08-13,132172.00 
2018-08-14,132723.00 
2018-08-15,130112.00 
2018-08-16,130209.00 
2018-08-17,130923.00 
2018-08-20,131041.00 
2018-08-21,131944.00 
2018-08-22,132169.00 
2018-08-23,131919.00 
2018-08-24,134158.00 
2018-08-27,134563.00 
2018-08-28,133557.00 
2018-08-29,134751.00 
2018-08-30,133169.00 
2018-08-31,133393.00 
2018-09-03,133424.00 
2018-09-04,132782.00 
2018-09-05,133474.00 
2018-09-06,132923.00 
2018-09-07,132830.00 
2018-09-10,132892.00 
2018-09-11,133772.00 
2018-09-12,134207.00 
2018-09-13,134471.00 
2018-09-14,133761.00 
2018-09-17,134356.00 
2018-09-18,134647.00 
2018-09-19,135190.00 
2018-09-20,135847.00 
2018-09-21,135039.00 
2018-09-24,135237.00 
2018-09-25,135715.00 
2018-09-26,134652.00 
2018-09-27,134100.00 
2018-09-28,135535.00 
2018-10-01,135390.00 
2018-10-02,136757.00 
2018-10-03,137141.00 
2018-10-04,136666.00 
2018-10-05,136788.00 
2018-10-08,134524.00 
2018-10-09,134374.00 
2018-10-10,134144.00 
2018-10-11,137327.00 
2018-10-12,136658.00 
2018-10-15,137141.00 
2018-10-16,137448.00 
2018-10-17,137694.00 
2018-10-18,137523.00 
2018-10-19,138022.00 
2018-10-22,137892.00 
2018-10-23,138362.00 
2018-10-24,138436.00 
2018-10-25,138521.00 
2018-10-26,138032.00 
2018-10-29,138161.00 
2018-10-30,138332.00 
2018-10-31,137197.00 
2018-11-01,138992.00 
2018-11-02,139570.00 
2018-11-05,139420.00 
2018-11-06,139145.00 
2018-11-07,139246.00 
2018-11-08,139558.00 
2018-11-09,137688.00 
2018-11-12,136677.00 
2018-11-13,136821.00 
2018-11-14,137589.00 
2018-11-15,137882.00 
2018-11-16,137823.00 
2018-11-19,137786.00 
2018-11-20,137764.00 
2018-11-21,138608.00 
2018-11-22,138641.00 
2018-11-23,138159.00 
2018-11-26,138844.00 
2018-11-27,138248.00 
2018-11-28,138830.00 
2018-11-29,138903.00 
2018-11-30,138663.00 
2018-12-03,139901.00 
2018-12-04,139699.00 
2018-12-05,140044.00 
2018-12-06,139475.00 
2018-12-07,140712.00 
2018-12-10,141055.00 
2018-12-11,140877.00 
2018-12-12,141102.00 
2018-12-13,141140.00 
2018-12-14,140395.00 
2018-12-17,140579.00 
2018-12-18,140599.00 
2018-12-19,139807.00 
2018-12-20,140197.00 
2018-12-21,139700.00 
2018-12-24,140175.00 
2018-12-25,139966.00 
2018-12-26,141105.00 
2018-12-27,141514.00 
2018-12-28,141235.00 
2018-12-31,140543.00 
2019-01-01,140729.00 
2019-01-02,139858.00 
2019-01-03,139390.00 
2019-01-04,139453.00 
2019-01-07,140149.00 
2019-01-08,139797.00 
2019-01-09,139872.00 
2019-01-10,139478.00 
2019-01-11,139813.00 
2019-01-14,139674.00 
2019-01-15,140168.00 
2019-01-16,141127.00 
2019-01-17,141106.00 
2019-01-18,140671.00 
2019-01-21,140408.00 
2019-01-22,140567.00 
2019-01-23,140587.00 
2019-01-24,140474.00 
2019-01-25,142775.00 
2019-01-28,142538.00 
2019-01-29,143461.00 
2019-01-30,143895.00 
2019-01-31,143955.00 
2019-02-01,144315.00 
2019-02-04,144193.00 
2019-02-05,144634.00 
2019-02-06,143676.00 
2019-02-07,143879.00 
2019-02-08,144199.00 
2019-02-11,144390.00 
2019-02-12,144824.00 
2019-02-13,144993.00 
2019-02-14,145011.00 
2019-02-15,145956.00 
2019-02-18,146782.00 
2019-02-19,148409.00 
2019-02-20,148382.00 
2019-02-21,146513.00 
2019-02-22,146981.00 
2019-02-25,147433.00 
2019-02-26,146973.00 
2019-02-27,146496.00 
2019-02-28,146312.00 
2019-03-01,144771.00 
2019-03-04,143785.00 
2019-03-05,144100.00 
2019-03-06,143736.00 
2019-03-07,143474.00 
2019-03-08,144336.00 
2019-03-11,143856.00 
2019-03-12,144937.00 
2019-03-13,145532.00 
2019-03-14,144818.00 
2019-03-15,145059.00 
2019-03-18,145264.00 
2019-03-19,145532.00 
2019-03-20,145281.00 
2019-03-21,145108.00 
2019-03-22,144373.00 
2019-03-25,145363.00 
2019-03-26,145543.00 
2019-03-27,144715.00 
2019-03-28,142726.00 
2019-03-29,143194.00 
2019-04-01,143342.00 
2019-04-02,143866.00 
2019-04-03,143759.00 
2019-04-04,144259.00 
2019-04-05,144288.00 
2019-04-08,144593.00 
2019-04-09,144894.00 
2019-04-10,145165.00 
2019-04-11,144292.00 
2019-04-12,144528.00 
2019-04-15,144254.00 
2019-04-16,142989.00 
2019-04-17,142684.00 
2019-04-18,142750.00 
2019-04-19,142686.00 
2019-04-22,142663.00 
2019-04-23,142290.00 
2019-04-24,143045.00 
2019-04-25,142526.00 
2019-04-26,143476.00 
2019-04-29,142836.00 
2019-04-30,143004.00 
2019-05-01,142152.00 
2019-05-02,141637.00 
2019-05-03,142078.00 
2019-05-06,141788.00 
2019-05-07,141586.00 
2019-05-08,140988.00 
2019-05-09,140928.00 
2019-05-10,141355.00 
2019-05-13,142066.00 
2019-05-14,142114.00 
2019-05-15,142047.00 
2019-05-16,141298.00 
2019-05-17,140577.00 
2019-05-20,140599.00 
2019-05-21,140829.00 
2019-05-22,140513.00 
2019-05-23,140654.00 
2019-05-24,140384.00 
2019-05-27,140745.00 
2019-05-28,139878.00 
2019-05-29,140247.00 
2019-05-30,141204.00 
2019-05-31,141323.00 
2019-06-03,143137.00 
2019-06-04,143310.00 
2019-06-05,144249.00 
2019-06-06,144697.00 
2019-06-07,144989.00 
2019-06-10,143960.00 
2019-06-11,143943.00 
2019-06-12,144635.00 
2019-06-13,145433.00 
2019-06-14,145601.00 
2019-06-17,145404.00 
2019-06-18,145999.00 
2019-06-19,147009.00 
2019-06-20,148960.00 
2019-06-21,150133.00 
2019-06-24,152247.00 
2019-06-25,152533.00 
2019-06-26,151778.00 
2019-06-27,151912.00 
2019-06-28,152030.00 
2019-07-01,150073.00 
2019-07-02,152996.00 
2019-07-03,152953.00 
2019-07-04,152543.00 
2019-07-05,151720.00 
2019-07-08,151662.00 
2019-07-09,152093.00 
2019-07-10,153905.00 
2019-07-11,152263.00 
2019-07-12,152708.00 
2019-07-15,152558.00 
2019-07-16,152135.00 
2019-07-17,153966.00 
2019-07-18,155127.00 
2019-07-19,153475.00 
2019-07-22,153642.00 
2019-07-23,153393.00 
2019-07-24,154187.00 
2019-07-25,153632.00 
2019-07-26,154108.00 
2019-07-29,155176.00 
2019-07-30,155284.00 
2019-07-31,153716.00 
2019-08-01,155097.00 
2019-08-02,153507.00 
2019-08-05,155086.00 
2019-08-06,156963.00 
2019-08-07,159497.00 
2019-08-08,159144.00 
2019-08-09,158184.00 
2019-08-12,159109.00 
2019-08-13,160217.00 
2019-08-14,160549.00 
2019-08-15,161584.00 
2019-08-16,160954.00 
2019-08-19,159386.00 
2019-08-20,160010.00 
2019-08-21,160107.00 
2019-08-22,159289.00 
2019-08-23,160883.00 
2019-08-26,162066.00 
2019-08-27,162978.00 
2019-08-28,163249.00 
2019-08-29,162679.00 
2019-08-30,161579.00 
2019-09-02,162537.00 
2019-09-03,163869.00 
2019-09-04,165134.00 
2019-09-05,162427.00 
2019-09-06,161066.00 
2019-09-09,160695.00 
2019-09-10,159747.00 
2019-09-11,161387.00 
2019-09-12,162016.00 
2019-09-13,160857.00 
2019-09-16,161975.00 
2019-09-17,162299.00 
2019-09-18,162002.00 
2019-09-19,161870.00 
2019-09-20,163102.00 
2019-09-23,163697.00 
2019-09-24,163948.00 
2019-09-25,162013.00 
2019-09-26,162237.00 
2019-09-27,161523.00 
2019-09-30,159110.00 
2019-10-01,159349.00 
2019-10-02,160721.00 
2019-10-03,160868.00 
2019-10-04,160860.00 
2019-10-07,160185.00 
2019-10-08,161179.00 
2019-10-09,161757.00 
2019-10-10,161250.00 
2019-10-11,161381.00 
2019-10-14,161837.00 
2019-10-15,161177.00 
2019-10-16,162014.00 
2019-10-17,162073.00 
2019-10-18,161513.00 
2019-10-21,161142.00 
2019-10-22,161349.00 
2019-10-23,162129.00 
2019-10-24,163318.00 
2019-10-25,163427.00 
2019-10-28,162569.00 
2019-10-29,161958.00 
2019-10-30,162763.00 
2019-10-31,163408.00 
2019-11-01,163783.00 
2019-11-04,163840.00 
2019-11-05,161925.00 
2019-11-06,162399.00 
2019-11-07,160443.00 
2019-11-08,159346.00 
2019-11-11,158714.00 
2019-11-12,158733.00 
2019-11-13,159178.00 
2019-11-14,159477.00 
2019-11-15,159535.00 
2019-11-18,159882.00 
2019-11-19,159796.00 
2019-11-20,159805.00 
2019-11-21,159061.00 
2019-11-22,158836.00 
2019-11-25,158451.00 
2019-11-26,159292.00 
2019-11-27,159275.00 
2019-11-28,159661.00 
2019-11-29,160561.00 
2019-12-02,159351.00 
2019-12-03,160467.00 
2019-12-04,160464.00 
2019-12-05,160504.00 
2019-12-06,158488.00 
2019-12-09,158635.00 
2019-12-10,159165.00 
2019-12-11,160064.00 
2019-12-12,160613.00 
2019-12-13,161367.00 
2019-12-16,161563.00 
2019-12-17,161577.00 
2019-12-18,161589.00 
2019-12-19,161739.00 
2019-12-20,161747.00 
2019-12-23,162458.00 
2019-12-24,163955.00 
2019-12-25,163872.00 
2019-12-26,165641.00 
2019-12-27,165255.00 
2019-12-30,164927.00 
2019-12-31,164762.00 
2020-01-01,164886.00 
2020-01-02,165972.00 
2020-01-03,167676.00 
2020-01-06,169662.00 
2020-01-07,170654.00 
2020-01-08,169779.00 
2020-01-09,169997.00 
2020-01-10,170981.00 
2020-01-13,170135.00 
2020-01-14,170026.00 
2020-01-15,170994.00 
2020-01-16,170966.00 
2020-01-17,171400.00 
2020-01-20,172317.00 
2020-01-21,171165.00 
2020-01-22,171172.00 
2020-01-23,171069.00 
2020-01-24,171594.00 
2020-01-27,172229.00 
2020-01-28,171024.00 
2020-01-29,171822.00 
2020-01-30,171489.00 
2020-01-31,172304.00 
2020-02-03,171318.00 
2020-02-04,170021.00 
2020-02-05,170818.00 
2020-02-06,172289.00 
2020-02-07,172250.00 
2020-02-10,172516.00 
2020-02-11,172072.00 
2020-02-12,172349.00 
2020-02-13,173053.00 
2020-02-14,173863.00 
2020-02-17,173698.00 
2020-02-18,175907.00 
2020-02-19,179416.00 
2020-02-20,181540.00 
2020-02-21,183345.00 
2020-02-24,183664.00 
2020-02-25,180115.00 
2020-02-26,181143.00 
2020-02-27,180188.00 
2020-02-28,171263.00 
2020-03-02,172123.00 
2020-03-03,175713.00 
2020-03-04,175950.00 
2020-03-05,177499.00 
2020-03-06,176256.00 
2020-03-09,171918.00 
2020-03-10,174178.00 
2020-03-11,170854.00 
2020-03-12,164982.00 
2020-03-13,165028.00 
2020-03-16,160257.00 
2020-03-17,164563.00 
2020-03-18,160578.00 
2020-03-19,162876.00 
2020-03-20,165974.00 
2020-03-23,172730.00 
2020-03-24,181050.00 
2020-03-25,179589.00 
2020-03-26,178505.00 
2020-03-27,175347.00 
2020-03-30,174836.00 
2020-03-31,168967.00 
2020-04-01,170351.00 
2020-04-02,174017.00 
2020-04-03,175408.00 
2020-04-06,181322.00 
2020-04-07,179021.00 
2020-04-08,178976.00 
2020-04-09,182563.00 
2020-04-10,183127.00 
2020-04-13,184557.00 
2020-04-14,185077.00 
2020-04-15,184392.00 
2020-04-16,185275.00 
2020-04-17,181067.00 
2020-04-20,182381.00 
2020-04-21,181646.00 
2020-04-22,184619.00 
2020-04-23,186151.00 
2020-04-24,185726.00 
2020-04-27,183794.00 
2020-04-28,182466.00 
2020-04-29,182686.00 
2020-04-30,180672.00 
2020-05-01,181635.00 
2020-05-04,181558.00 
2020-05-05,181759.00 
2020-05-06,178802.00 
2020-05-07,182298.00 
2020-05-08,181431.00 
2020-05-11,182569.00 
2020-05-12,182335.00 
2020-05-13,183592.00 
2020-05-14,185503.00 
2020-05-15,186362.00 
2020-05-18,185835.00 
2020-05-19,187748.00 
2020-05-20,187812.00 
2020-05-21,185820.00 
2020-05-22,186591.00 
2020-05-25,186217.00 
2020-05-26,183898.00 
2020-05-27,184066.00 
2020-05-28,184947.00 
2020-05-29,186442.00 
2020-06-01,187120.00 
2020-06-02,187682.00 
2020-06-03,184877.00 
2020-06-04,187004.00 
2020-06-05,184668.00 
2020-06-08,184056.00 
2020-06-09,184587.00 
2020-06-10,186151.00 
2020-06-11,184526.00 
2020-06-12,185673.00 
2020-06-15,184998.00 
2020-06-16,185235.00 
2020-06-17,184714.00 
2020-06-18,184149.00 
2020-06-19,186258.00 
2020-06-22,187505.00 
2020-06-23,188237.00 
2020-06-24,188462.00 
2020-06-25,188996.00 
2020-06-26,189830.00 
2020-06-29,190521.00 
2020-06-30,192107.00 
2020-07-01,190207.00 
2020-07-02,190828.00 
2020-07-03,190790.00 
2020-07-06,191533.00 
2020-07-07,192892.00 
2020-07-08,193982.00 
2020-07-09,193288.00 
2020-07-10,192222.00 
2020-07-13,193362.00 
2020-07-14,193989.00 
2020-07-15,193501.00 
2020-07-16,192717.00 
2020-07-17,193630.00 
2020-07-20,194880.00 
2020-07-21,196611.00 
2020-07-22,200517.00 
2020-07-23,201612.00 
2020-07-24,201712.00 
2020-07-27,204621.00 
2020-07-28,205788.00 
2020-07-29,206671.00 
2020-07-30,204823.00 
2020-07-31,209054.00 
2020-08-03,209401.00 
2020-08-04,213398.00 
2020-08-05,215114.00 
2020-08-06,217702.00 
2020-08-07,215486.00 
2020-08-10,214763.00 
2020-08-11,203538.00 
2020-08-12,204833.00 
2020-08-13,208771.00 
2020-08-14,207176.00 
2020-08-17,210369.00 
2020-08-18,210951.00 
2020-08-19,204632.00 
2020-08-20,205891.00 
2020-08-21,205152.00 
2020-08-24,204343.00 
2020-08-25,205079.00 
2020-08-26,207000.00 
2020-08-27,205570.00 
2020-08-28,206942.00 
2020-08-31,208326.00 
2020-09-01,208720.00 
2020-09-02,206243.00 
2020-09-03,204939.00 
2020-09-04,205403.00 
2020-09-07,204937.00 
2020-09-08,204744.00 
2020-09-09,206606.00 
2020-09-10,206535.00 
2020-09-11,205917.00 
2020-09-14,206781.00 
2020-09-15,205918.00 
2020-09-16,205590.00 
2020-09-17,203594.00 
2020-09-18,203843.00 
2020-09-21,200060.00 
2020-09-22,199313.00 
2020-09-23,196298.00 
2020-09-24,196798.00 
2020-09-25,196525.00 
2020-09-28,198345.00 
2020-09-29,200429.00 
2020-09-30,198757.00 
2020-10-01,201026.00 
2020-10-02,199901.00 
2020-10-05,202233.00 
2020-10-06,198286.00 
2020-10-07,199914.00 
2020-10-08,200717.00 
2020-10-09,203682.00 
2020-10-12,202333.00 
2020-10-13,199448.00 
2020-10-14,199907.00 
2020-10-15,201210.00 
2020-10-16,200143.00 
2020-10-19,200698.00 
2020-10-20,201090.00 
2020-10-21,201233.00 
2020-10-22,199545.00 
2020-10-23,199025.00 
2020-10-26,199366.00 
2020-10-27,199128.00 
2020-10-28,195755.00 
2020-10-29,195348.00 
2020-10-30,196565.00 
2020-11-02,198455.00 
2020-11-03,199403.00 
2020-11-04,198816.00 
2020-11-05,201691.00 
2020-11-06,201650.00 
2020-11-09,196198.00 
2020-11-10,197526.00 
2020-11-11,196576.00 
2020-11-12,197275.00 
2020-11-13,197527.00 
2020-11-16,197452.00 
2020-11-17,195773.00 
2020-11-18,194350.00 
2020-11-19,193509.00 
2020-11-20,194250.00 
2020-11-23,192094.00 
2020-11-24,188683.00 
2020-11-25,188761.00 
2020-11-26,188752.00 
2020-11-27,186144.00 
2020-11-30,185245.00 
2020-12-01,189272.00 
2020-12-02,191061.00 
2020-12-03,191088.00 
2020-12-04,191369.00 
2020-12-07,193750.00 
2020-12-08,194698.00 
2020-12-09,191662.00 
2020-12-10,191331.00 
2020-12-11,191277.00 
2020-12-14,190039.00 
2020-12-15,192091.00 
2020-12-16,192879.00 
2020-12-17,194353.00 
2020-12-18,194291.00 
2020-12-21,193826.00 
2020-12-22,192720.00 
2020-12-23,193889.00 
2020-12-24,194392.00 
2020-12-25,194110.00 
2020-12-28,194250.00 
2020-12-29,194481.00 
2020-12-30,195393.00 
2020-12-31,195959.00 
2021-01-01,195884.00 
2021-01-04,200245.00 
2021-01-05,200208.00 
2021-01-06,197599.00 
2021-01-07,198550.00 
2021-01-08,192095.00 
2021-01-11,192103.00 
2021-01-12,192383.00 
2021-01-13,191575.00 
2021-01-14,191576.00 
2021-01-15,189728.00 
2021-01-18,190467.00 
2021-01-19,191125.00 
2021-01-20,193734.00 
2021-01-21,193432.00 
2021-01-22,192239.00 
2021-01-25,192466.00 
2021-01-26,191702.00 
2021-01-27,191899.00 
2021-01-28,191995.00 
2021-01-29,193249.00 
2021-02-01,195143.00 
2021-02-02,192839.00 
2021-02-03,192503.00 
2021-02-04,189264.00 
2021-02-05,190872.00 
2021-02-08,192543.00 
2021-02-09,192132.00 
2021-02-10,192720.00 
2021-02-11,191144.00 
2021-02-12,191336.00 
2021-02-15,191599.00 
2021-02-16,190227.00 
2021-02-17,187943.00 
2021-02-18,187556.00 
2021-02-19,187909.00 
2021-02-22,190095.00 
2021-02-23,189957.00 
2021-02-24,191040.00 
2021-02-25,187979.00 
2021-02-26,184755.00 
2021-03-01,184091.00 
2021-03-02,185373.00 
2021-03-03,183021.00 
2021-03-04,183166.00 
2021-03-05,184271.00 
2021-03-08,183186.00 
2021-03-09,186077.00 
2021-03-10,187077.00 
2021-03-11,186842.00 
2021-03-12,188178.00 
2021-03-15,188936.00 
2021-03-16,188651.00 
2021-03-17,189864.00 
2021-03-18,189036.00 
2021-03-19,189934.00 
2021-03-22,189197.00 
2021-03-23,187456.00 
2021-03-24,188541.00 
2021-03-25,188521.00 
2021-03-26,189884.00 
2021-03-29,187865.00 
2021-03-30,185867.00 
2021-03-31,188994.00 
2021-04-01,191226.00 
2021-04-02,191348.00 
2021-04-05,190307.00 
2021-04-06,191287.00 
2021-04-07,190813.00 
2021-04-08,191737.00 
2021-04-09,191130.00 
2021-04-12,189479.00 
2021-04-13,190272.00 
2021-04-14,189074.00 
2021-04-15,191725.00 
2021-04-16,193174.00 
2021-04-19,191540.00 
2021-04-20,192208.00 
2021-04-21,193779.00 
2021-04-22,192556.00 
2021-04-23,191755.00 
2021-04-26,192456.00 
2021-04-27,193004.00 
2021-04-28,193429.00 
2021-04-29,192992.00 
2021-04-30,193254.00 
2021-05-03,195497.00 
2021-05-04,194442.00 
2021-05-05,195035.00 
2021-05-06,197917.00 
2021-05-07,198799.00 
2021-05-10,199654.00 
2021-05-11,199497.00 
2021-05-12,199026.00 
2021-05-13,199844.00 
2021-05-14,201498.00 
2021-05-17,203780.00 
2021-05-18,203517.00 
2021-05-19,204101.00 
2021-05-20,204134.00 
2021-05-21,204901.00 
2021-05-24,204295.00 
2021-05-25,206480.00 
2021-05-26,206977.00 
2021-05-27,208263.00 
2021-05-28,209121.00 
2021-05-31,209050.00 
2021-06-01,207943.00 
2021-06-02,208998.00 
2021-06-03,206220.00 
2021-06-04,207049.00 
2021-06-07,207403.00 
2021-06-08,207219.00 
2021-06-09,206961.00 
2021-06-10,207474.00 
2021-06-11,205823.00 
2021-06-14,205361.00 
2021-06-15,204557.00 
2021-06-16,200488.00 
2021-06-17,195312.00 
2021-06-18,194308.00 
2021-06-21,196634.00 
2021-06-22,196758.00 
2021-06-23,197276.00 
2021-06-24,196764.00 
2021-06-25,197247.00 
2021-06-28,196670.00 
2021-06-29,194556.00 
2021-06-30,196613.00 
2021-07-01,198041.00 
2021-07-02,198383.00 
2021-07-05,198798.00 
2021-07-06,198725.00 
2021-07-07,199494.00 
2021-07-08,197870.00 
2021-07-09,199088.00 
2021-07-12,199236.00 
2021-07-13,199930.00 
2021-07-14,200867.00 
2021-07-15,200900.00 
2021-07-16,199285.00 
2021-07-19,198337.00 
2021-07-20,198776.00 
2021-07-21,198766.00 
2021-07-22,198945.00 
2021-07-23,199104.00 
2021-07-26,198258.00 
2021-07-27,197417.00 
2021-07-28,198555.00 
2021-07-29,200066.00 
2021-07-30,198951.00 
2021-08-02,198182.00 
2021-08-03,197366.00 
2021-08-04,198304.00 
2021-08-05,197926.00 
2021-08-06,194407.00 
2021-08-09,190684.00 
2021-08-10,191113.00 
2021-08-11,193339.00 
2021-08-12,193413.00 
2021-08-13,194902.00 
2021-08-16,195181.00 
2021-08-17,195614.00 
2021-08-18,196150.00 
2021-08-19,195257.00 
2021-08-20,195520.00 
2021-08-23,197971.00 
2021-08-24,197600.00 
2021-08-25,196917.00 
2021-08-26,197241.00 
2021-08-27,199520.00 
2021-08-30,198899.00 
2021-08-31,199424.00 
2021-09-01,199488.00 
2021-09-02,198822.00 
2021-09-03,200493.00 
2021-09-06,200220.00 
2021-09-07,197820.00 
2021-09-08,197134.00 
2021-09-09,196801.00 
2021-09-10,196499.00 
2021-09-13,197215.00 
2021-09-14,197873.00 
2021-09-15,196070.00 
2021-09-16,192248.00 
2021-09-17,192836.00 
2021-09-20,192952.00 
2021-09-21,193716.00 
2021-09-22,194046.00 
2021-09-23,192197.00 
2021-09-24,193719.00 
2021-09-27,194203.00 
2021-09-28,193283.00 
2021-09-29,193264.00 
2021-09-30,195422.00 
2021-10-01,195489.00 
2021-10-04,196171.00 
2021-10-05,196097.00 
2021-10-06,196337.00 
2021-10-07,195835.00 
2021-10-08,197080.00 
2021-10-11,198659.00 
2021-10-12,199867.00 
2021-10-13,202986.00 
2021-10-14,204047.00 
2021-10-15,201856.00 
2021-10-18,201665.00 
2021-10-19,202287.00 
2021-10-20,203564.00 
2021-10-21,203128.00 
2021-10-22,203376.00 
2021-10-25,205478.00 
2021-10-26,204593.00 
2021-10-27,204455.00 
2021-10-28,204202.00 
2021-10-29,203240.00 
2021-11-01,204366.00 
2021-11-02,203662.00 
2021-11-03,201618.00 
2021-11-04,203691.00 
2021-11-05,206126.00 
2021-11-08,206456.00 
2021-11-09,206661.00 
2021-11-10,210566.00 
2021-11-11,212307.00 
2021-11-12,212221.00 
2021-11-15,212495.00 
2021-11-16,212427.00 
2021-11-17,212968.00 
2021-11-18,212332.00 
2021-11-19,210300.00 
2021-11-22,207229.00 
2021-11-23,205902.00 
2021-11-24,206404.00 
2021-11-25,206297.00 
2021-11-26,203012.00 
2021-11-29,202491.00 
2021-11-30,200667.00 
2021-12-01,200860.00 
2021-12-02,200090.00 
2021-12-03,201205.00 
2021-12-06,201756.00 
2021-12-07,202589.00 
2021-12-08,202609.00 
2021-12-09,201298.00 
2021-12-10,202101.00 
2021-12-13,202856.00 
2021-12-14,201254.00 
2021-12-15,202488.00 
2021-12-16,204545.00 
2021-12-17,204343.00 
2021-12-20,203318.00 
2021-12-21,203974.00 
2021-12-22,205728.00 
2021-12-23,206832.00 
2021-12-24,206866.00 
2021-12-27,208043.00 
2021-12-28,207337.00 
2021-12-29,207339.00 
2021-12-30,208789.00 
2021-12-31,210411.00 
2022-01-03,207633.00 
2022-01-04,210635.00 
2022-01-05,210093.00 
2022-01-06,207341.00 
2022-01-07,207485.00 
2022-01-10,207494.00 
2022-01-11,209965.00 
2022-01-12,209304.00 
2022-01-13,208054.00 
2022-01-14,207526.00 
2022-01-17,208456.00 
2022-01-18,207821.00 
2022-01-19,210302.00 
2022-01-20,209810.00 
2022-01-21,208403.00 
2022-01-24,209922.00 
2022-01-25,210367.00 
2022-01-26,208516.00 
2022-01-27,207242.00 
2022-01-28,206399.00 
2022-01-31,206808.00 
2022-02-01,206558.00 
2022-02-02,206723.00 
2022-02-03,207439.00 
2022-02-04,208223.00 
2022-02-07,209529.00 
2022-02-08,210917.00 
2022-02-09,211657.00 
2022-02-10,211827.00 
2022-02-11,214658.00 
2022-02-14,216155.00 
2022-02-15,214266.00 
2022-02-16,215817.00 
2022-02-17,218132.00 
2022-02-18,218255.00 
2022-02-21,218698.00 
2022-02-22,218409.00 
2022-02-23,219420.00 
2022-02-24,219845.00 
2022-02-25,218127.00 
2022-02-28,219434.00 
2022-03-01,223437.00 
2022-03-02,222683.00 
2022-03-03,223483.00 
2022-03-04,225939.00 
2022-03-07,230339.00 
2022-03-08,237062.00 
2022-03-09,230596.00 
2022-03-10,231794.00 
2022-03-11,232835.00 
2022-03-14,230414.00 
2022-03-15,226777.00 
2022-03-16,228654.00 
2022-03-17,230336.00 
2022-03-18,228901.00 
2022-03-21,231233.00 
2022-03-22,232041.00 
2022-03-23,235468.00 
2022-03-24,239448.00 
2022-03-25,238929.00 
2022-03-28,238141.00 
2022-03-29,235736.00 
2022-03-30,235341.00 
2022-03-31,235603.00 
2022-04-01,235716.00 
2022-04-04,237243.00 
2022-04-05,237669.00 
2022-04-06,238278.00 
2022-04-07,239323.00 
2022-04-08,242030.00 
2022-04-11,244777.00 
2022-04-12,246449.00 
2022-04-13,248500.00 
2022-04-14,248308.00 
2022-04-15,249483.00 
2022-04-18,251218.00 
2022-04-19,251335.00 
2022-04-20,250273.00 
2022-04-21,250436.00 
2022-04-22,248249.00 
2022-04-25,243068.00 
2022-04-26,242334.00 
2022-04-27,242156.00 
2022-04-28,247829.00 
2022-04-29,246214.00 
2022-05-02,242392.00 
2022-05-03,242934.00 
2022-05-04,242754.00 
2022-05-05,244149.00 
2022-05-06,245830.00 
2022-05-09,241406.00 
2022-05-10,239713.00 
2022-05-11,240683.00 
2022-05-12,233727.00 
2022-05-13,233923.00 
2022-05-16,235535.00 
2022-05-17,234723.00 
2022-05-18,232830.00 
2022-05-19,235337.00 
2022-05-20,236029.00 
2022-05-23,236960.00 
2022-05-24,236604.00 
2022-05-25,235879.00 
2022-05-26,235244.00 
2022-05-27,235561.00 
2022-05-30,236760.00 
2022-05-31,236371.00 
2022-06-01,240176.00 
2022-06-02,242476.00 
2022-06-03,242173.00 
2022-06-06,242746.00 
2022-06-07,245498.00 
2022-06-08,248736.00 
2022-06-09,248187.00 
2022-06-10,251517.00 
2022-06-13,244449.00 
2022-06-14,244847.00 
2022-06-15,245296.00 
2022-06-16,245507.00 
2022-06-17,248221.00 
2022-06-20,248316.00 
2022-06-21,250309.00 
2022-06-22,250309.00 
2022-06-23,245872.00 
2022-06-24,246877.00 
2022-06-27,246747.00 
2022-06-28,247540.00 
2022-06-29,248203.00 
2022-06-30,245187.00 
2022-07-01,244762.00 
2022-07-04,245479.00 
2022-07-05,239741.00 
2022-07-06,236240.00 
2022-07-07,236488.00 
2022-07-08,237077.00 
2022-07-11,238222.00 
2022-07-12,236195.00 
2022-07-13,238422.00 
2022-07-14,237420.00 
2022-07-15,236531.00 
2022-07-18,235952.00 
2022-07-19,236385.00 
2022-07-20,234427.00 
2022-07-21,235928.00 
2022-07-22,234862.00 
2022-07-25,234952.00 
2022-07-26,235032.00 
2022-07-27,236767.00 
2022-07-28,235661.00 
2022-07-29,235158.00 
2022-08-01,233185.00 
2022-08-02,234378.00 
2022-08-03,236204.00 
2022-08-04,237920.00 
2022-08-05,239509.00 
2022-08-08,241460.00 
2022-08-09,242368.00 
2022-08-10,238090.00 
2022-08-11,237950.00 
2022-08-12,240500.00 
2022-08-15,237242.00 
2022-08-16,238262.00 
2022-08-17,237892.00 
2022-08-18,238903.00 
2022-08-19,238941.00 
2022-08-22,238642.00 
2022-08-23,239066.00 
2022-08-24,240055.00 
2022-08-25,239966.00 
2022-08-26,238830.00 
2022-08-29,240862.00 
2022-08-30,239162.00 
2022-08-31,237606.00 
2022-09-01,237960.00 
2022-09-02,239997.00 
2022-09-05,240189.00 
2022-09-06,242933.00 
2022-09-07,246864.00 
2022-09-08,246136.00 
2022-09-09,244620.00 
2022-09-12,246177.00 
2022-09-13,245963.00 
2022-09-14,242924.00 
2022-09-15,238854.00 
2022-09-16,239370.00 
2022-09-19,239948.00 
2022-09-20,239222.00 
2022-09-21,240985.00 
2022-09-22,237766.00 
2022-09-23,235545.00 
2022-09-26,234606.00 
2022-09-27,235682.00 
2022-09-28,239202.00 
2022-09-29,239814.00 
2022-09-30,240255.00 
2022-10-03,245555.00 
2022-10-04,248631.00 
2022-10-05,248082.00 
2022-10-06,248200.00 
2022-10-07,246159.00 
2022-10-10,243064.00 
2022-10-11,242855.00 
2022-10-12,245696.00 
2022-10-13,245286.00 
2022-10-14,244465.00 
2022-10-17,245862.00 
2022-10-18,246500.00 
2022-10-19,244121.00 
2022-10-20,244321.00 
2022-10-21,244594.00 
2022-10-24,245732.00 
2022-10-25,244454.00 
2022-10-26,243563.00 
2022-10-27,243130.00 
2022-10-28,242430.00 
2022-10-31,242848.00 
2022-11-01,244264.00 
2022-11-02,241849.00 
2022-11-03,241336.00 
2022-11-04,246399.00 
2022-11-07,245640.00 
2022-11-08,249438.00 
2022-11-09,249866.00 
2022-11-10,247337.00 
2022-11-11,245783.00 
2022-11-14,247434.00 
2022-11-15,247759.00 
2022-11-16,247506.00 
2022-11-17,246764.00 
2022-11-18,245576.00 
2022-11-21,246918.00 
2022-11-22,245712.00 
2022-11-23,244166.00 
2022-11-24,243255.00 
2022-11-25,244279.00 
2022-11-28,241863.00 
2022-11-29,242637.00 
2022-11-30,244018.00 
2022-12-01,243913.00 
2022-12-02,241445.00 
2022-12-05,241786.00 
2022-12-06,242324.00 
2022-12-07,243948.00 
2022-12-08,244414.00 
2022-12-09,245346.00 
2022-12-12,245155.00 
2022-12-13,245357.00 
2022-12-14,244758.00 
2022-12-15,244793.00 
2022-12-16,244995.00 
2022-12-19,244602.00 
2022-12-20,239284.00 
2022-12-21,240298.00 
2022-12-22,236777.00 
2022-12-23,238747.00 
2022-12-26,238831.00 
2022-12-27,241937.00 
2022-12-28,242541.00 
2022-12-29,241328.00 
2022-12-30,239197.00 
2023-01-02,238411.00 
2023-01-03,241054.00 
2023-01-04,246042.00 
2023-01-05,244525.00 
2023-01-06,246402.00 
2023-01-09,246854.00 
2023-01-10,247806.00 
2023-01-11,248291.00 
2023-01-12,244859.00 
2023-01-13,245556.00 
2023-01-16,246544.00 
2023-01-17,244502.00 
2023-01-18,245409.00 
2023-01-19,248080.00 
2023-01-20,249646.00 
2023-01-23,252197.00 
2023-01-24,252016.00 
2023-01-25,252125.00 
2023-01-26,251140.00 
2023-01-27,250264.00 
2023-01-30,250770.00 
2023-01-31,250849.00 
2023-02-01,251334.00 
2023-02-02,246020.00 
2023-02-03,244700.00 
2023-02-06,247810.00 
2023-02-07,245424.00 
2023-02-08,246350.00 
2023-02-09,244808.00 
2023-02-10,245013.00 
2023-02-13,245365.00 
2023-02-14,246729.00 
2023-02-15,246070.00 
2023-02-16,245757.00 
2023-02-17,246990.00 
2023-02-20,247136.00 
2023-02-21,247699.00 
2023-02-22,246462.00 
2023-02-23,245255.00 
2023-02-24,247125.00 
2023-02-27,247271.00 
2023-02-28,248807.00 
2023-03-01,249910.00 
2023-03-02,250960.00 
2023-03-03,252019.00 
2023-03-06,251031.00 
2023-03-07,248647.00 
2023-03-08,249102.00 
2023-03-09,249266.00 
2023-03-10,252145.00 
2023-03-13,254883.00 
2023-03-14,255544.00 
2023-03-15,255705.00 
2023-03-16,256714.00 
2023-03-17,261982.00 
2023-03-20,259593.00 
2023-03-21,257031.00 
2023-03-22,258769.00 
2023-03-23,260588.00 
2023-03-24,258497.00 
2023-03-27,257580.00 
2023-03-28,258238.00 
2023-03-29,260865.00 
2023-03-30,262680.00 
2023-03-31,261422.00 
2023-04-03,262713.00 
2023-04-04,266025.00 
2023-04-05,265500.00 
2023-04-06,264552.00 
2023-04-07,265319.00 
2023-04-10,266251.00 
2023-04-11,268055.00 
2023-04-12,268206.00 
2023-04-13,270433.00 
2023-04-14,268034.00 
2023-04-17,267957.00 
2023-04-18,268899.00 
2023-04-19,268594.00 
2023-04-20,268781.00 
2023-04-21,266006.00 
2023-04-24,267048.00 
2023-04-25,266810.00 
2023-04-26,266033.00 
2023-04-27,266235.00 
2023-04-28,271115.00 
2023-05-01,272637.00 
2023-05-02,275225.00 
2023-05-03,274324.00 
2023-05-04,275292.00 
2023-05-05,272079.00 
2023-05-08,273225.00 
2023-05-09,275059.00 
2023-05-10,272708.00 
2023-05-11,271091.00 
2023-05-12,272853.00 
2023-05-15,274379.00 
2023-05-16,271206.00 
2023-05-17,272778.00 
2023-05-18,271437.00 
2023-05-19,272781.00 
2023-05-22,273216.00 
2023-05-23,273639.00 
2023-05-24,272883.00 
2023-05-25,271797.00 
2023-05-26,273684.00 
2023-05-29,272852.00 
2023-05-30,273853.00 
2023-05-31,273316.00 
2023-06-01,274431.00 
2023-06-02,272546.00 
2023-06-05,273699.00 
2023-06-06,274092.00 
2023-06-07,271742.00 
2023-06-08,273342.00 
2023-06-09,273189.00 
2023-06-12,273241.00 
2023-06-13,272435.00 
2023-06-14,272070.00 
2023-06-15,274622.00 
2023-06-16,277540.00 
2023-06-19,276878.00 
2023-06-20,273826.00 
2023-06-21,274167.00 
2023-06-22,273625.00 
2023-06-23,275922.00 
2023-06-26,275734.00 
2023-06-27,275606.00 
2023-06-28,275494.00 
2023-06-29,276176.00 
2023-06-30,277035.00 
2023-07-03,277939.00 
2023-07-04,278079.00 
2023-07-05,276952.00 
2023-07-06,275240.00 
2023-07-07,273531.00 
2023-07-10,272015.00 
2023-07-11,271156.00 
2023-07-12,270995.00 
2023-07-13,270558.00 
2023-07-14,271207.00 
2023-07-17,271288.00 
2023-07-18,274576.00 
2023-07-19,276008.00 
2023-07-20,275887.00 
2023-07-21,278062.00 
2023-07-24,276294.00 
2023-07-25,276725.00 
2023-07-26,276455.00 
2023-07-27,271154.00 
2023-07-28,276541.00 
2023-07-31,279522.00 
2023-08-01,278594.00 
2023-08-02,277180.00 
2023-08-03,275504.00 
2023-08-04,275348.00 
2023-08-07,275781.00 
2023-08-08,276005.00 
2023-08-09,275062.00 
2023-08-10,276737.00 
2023-08-11,277355.00 
2023-08-14,277527.00 
2023-08-15,276802.00 
2023-08-16,276716.00 
2023-08-17,275242.00 
2023-08-18,274573.00 
2023-08-21,276835.00 
2023-08-22,276730.00 
2023-08-23,277354.00 
2023-08-24,279440.00 
2023-08-25,280318.00 
2023-08-28,281226.00 
2023-08-29,282578.00 
2023-08-30,283990.00 
2023-08-31,282277.00 
2023-09-01,283568.00 
2023-09-04,283887.00 
2023-09-05,284434.00 
2023-09-06,282925.00 
2023-09-07,282635.00 
2023-09-08,283609.00 
2023-09-11,281655.00 
2023-09-12,281400.00 
2023-09-13,280973.00 
2023-09-14,281725.00 
2023-09-15,284383.00 
2023-09-18,285362.00 
2023-09-19,285470.00 
2023-09-20,286234.00 
2023-09-21,283161.00 
2023-09-22,285610.00 
2023-09-25,285047.00 
2023-09-26,283223.00 
2023-09-27,280507.00 
2023-09-28,278336.00 
2023-09-29,276046.00 
2023-10-02,273853.00 
2023-10-03,271609.00 
2023-10-04,271545.00 
2023-10-05,270260.00 
2023-10-06,273599.00 
2023-10-09,276327.00 
2023-10-10,276583.00 
2023-10-11,279512.00 
2023-10-12,279919.00 
2023-10-13,288989.00 
2023-10-16,286949.00 
2023-10-17,287999.00 
2023-10-18,291709.00 
2023-10-19,295615.00 
2023-10-20,296772.00 
2023-10-23,295281.00 
2023-10-24,295423.00 
2023-10-25,297324.00 
2023-10-26,298382.00 
2023-10-27,300096.00 
2023-10-30,297547.00 
2023-10-31,300806.00 
2023-11-01,299181.00 
2023-11-02,298682.00 
2023-11-03,297588.00 
2023-11-06,296727.00 
2023-11-07,295988.00 
2023-11-08,294357.00 
2023-11-09,296354.00 
2023-11-10,293424.00 
2023-11-13,295180.00 
2023-11-14,295169.00 
2023-11-15,296535.00 
2023-11-16,298547.00 
2023-11-17,296249.00 
2023-11-20,293385.00 
2023-11-21,296452.00 
2023-11-22,297546.00 
2023-11-23,297892.00 
2023-11-24,299174.00 
2023-11-27,299566.00 
2023-11-28,300897.00 
2023-11-29,300928.00 
2023-11-30,301760.00 
2023-12-01,304029.00 
2023-12-04,298638.00 
2023-12-05,297053.00 
2023-12-06,298317.00 
2023-12-07,292252.00 
2023-12-08,290351.00 
2023-12-11,289580.00 
2023-12-12,287844.00 
2023-12-13,289669.00 
2023-12-14,288846.00 
2023-12-15,286886.00 
2023-12-18,289101.00 
2023-12-19,293382.00 
2023-12-20,291454.00 
2023-12-21,290674.00 
2023-12-22,292364.00 
2023-12-25,292220.00 
2023-12-26,294270.00 
2023-12-27,294644.00 
2023-12-28,291997.00 
2023-12-29,290949.00 
2024-01-01,290557.00 
2024-01-02,292250.00 
2024-01-03,292453.00 
2024-01-04,295428.00 
2024-01-05,295840.00 
2024-01-08,292378.00 
2024-01-09,293244.00 
2024-01-10,295002.00 
2024-01-11,294827.00 
2024-01-12,296859.00 
2024-01-15,299401.00 
2024-01-16,298466.00 
2024-01-17,297165.00 
2024-01-18,299671.00 
2024-01-19,300623.00 
2024-01-22,299338.00 
2024-01-23,300923.00 
2024-01-24,297035.00 
2024-01-25,298196.00 
2024-01-26,299037.00 
2024-01-29,299751.00 
2024-01-30,300598.00 
2024-01-31,299598.00 
2024-02-01,300804.00 
2024-02-02,302466.00 
2024-02-05,301026.00 
2024-02-06,301166.00 
2024-02-07,301522.00 
2024-02-08,303693.00 
2024-02-09,302207.00 
2024-02-12,301605.00 
2024-02-13,300505.00 
2024-02-14,299899.00 
2024-02-15,300351.00 
2024-02-16,302388.00 
2024-02-19,302672.00 
2024-02-20,303582.00 
2024-02-21,304433.00 
2024-02-22,304655.00 
2024-02-23,306376.00 
2024-02-26,306040.00 
2024-02-27,305521.00 
2024-02-28,306475.00 
2024-02-29,306524.00 
2024-03-01,312738.00 
2024-03-04,318189.00 
2024-03-05,319194.00 
2024-03-06,320836.00 
2024-03-07,319655.00 
2024-03-08,320246.00 
2024-03-11,320685.00 
2024-03-12,318669.00 
2024-03-13,321192.00 
2024-03-14,320645.00 
2024-03-15,321219.00 
2024-03-18,322155.00 
2024-03-19,325401.00 
2024-03-20,330579.00 
2024-03-21,330641.00 
2024-03-22,327823.00 
2024-03-25,328791.00 
2024-03-26,330142.00 
2024-03-27,332034.00 
2024-03-28,338099.00 
2024-03-29,337870.00 
2024-04-01,341409.00 
2024-04-02,345532.00 
2024-04-03,348707.00 
2024-04-04,346556.00 
2024-04-05,353162.00 
2024-04-08,355020.00 
2024-04-09,357053.00 
2024-04-10,357324.00 
2024-04-11,363555.00 
2024-04-12,359164.00 
2024-04-15,367446.00 
2024-04-16,368580.00 
2024-04-17,364212.00 
2024-04-18,367837.00 
2024-04-19,369781.00 
2024-04-22,360249.00 
2024-04-23,359483.00 
2024-04-24,359703.00 
2024-04-25,362912.00 
2024-04-26,370056.00 
2024-04-29,365079.00 
2024-04-30,360688.00 
2024-05-01,358238.00 
2024-05-02,353764.00 
2024-05-03,352241.00 
2024-05-06,357559.00 
2024-05-07,357971.00 
2024-05-08,358817.00 
2024-05-09,364751.00 
2024-05-10,367521.00 
2024-05-13,364879.00 
2024-05-14,368690.00 
2024-05-15,369478.00 
2024-05-16,369162.00 
2024-05-17,375878.00 
2024-05-20,379044.00 
2024-05-21,378030.00 
2024-05-22,372835.00 
2024-05-23,365465.00 
2024-05-24,366358.00 
2024-05-27,368737.00 
2024-05-28,371047.00 
2024-05-29,368484.00 
2024-05-30,367691.00 
2024-05-31,366045.00 
2024-06-03,366775.00 
2024-06-04,360203.00 
2024-06-05,367416.00 
2024-06-06,369685.00 
2024-06-07,359275.00 
2024-06-10,362702.00 
2024-06-11,363992.00 
2024-06-12,364015.00 
2024-06-13,361689.00 
2024-06-14,367069.00 
2024-06-17,365526.00 
2024-06-18,367631.00 
2024-06-19,367743.00 
2024-06-20,375001.00 
2024-06-21,370980.00 
2024-06-24,372304.00 
2024-06-25,370343.00 
2024-06-26,369248.00 
2024-06-27,374145.00 
2024-06-28,374190.00 
2024-07-01,376281.00 
2024-07-02,376042.00 
2024-07-03,380883.00 
2024-07-04,379924.00 
2024-07-05,384357.00 
2024-07-08,379303.00 
2024-07-09,381313.00 
2024-07-10,383321.00 
2024-07-11,383473.00 
2024-07-12,380698.00 
2024-07-15,382719.00 
2024-07-16,390897.00 
2024-07-17,383783.00 
2024-07-18,384780.00 
2024-07-19,378100.00 
2024-07-22,376232.00 
2024-07-23,374696.00 
2024-07-24,368900.00 
2024-07-25,363912.00 
2024-07-26,366900.00 
2024-07-29,367146.00 
2024-07-30,367889.00 
2024-07-31,366934.00 
2024-08-01,365399.00 
2024-08-02,358046.00 
2024-08-05,347571.00 
2024-08-06,344935.00 
2024-08-07,349545.00 
2024-08-08,357485.00 
2024-08-09,356398.00 
2024-08-12,363527.00 
2024-08-13,361905.00 
2024-08-14,360526.00 
2024-08-15,366703.00 
2024-08-16,370072.00 
2024-08-19,367041.00 
2024-08-20,364980.00 
2024-08-21,364740.00 
2024-08-22,363241.00 
2024-08-23,362677.00 
2024-08-26,363884.00 
2024-08-27,363235.00 
2024-08-28,362077.00 
2024-08-29,365524.00 
2024-08-30,365843.00 
2024-09-02,367146.00 
2024-09-03,362481.00 
2024-09-04,358611.00 
2024-09-05,360971.00 
2024-09-06,355252.00 
2024-09-09,358638.00 
2024-09-10,358279.00 
2024-09-11,357533.00 
2024-09-12,362771.00 
2024-09-13,362988.00 
2024-09-16,362917.00 
2024-09-17,365856.00 
2024-09-18,364026.00 
2024-09-19,368838.00 
2024-09-20,377326.00 
2024-09-23,377282.00 
2024-09-24,380462.00 
2024-09-25,384587.00 
2024-09-26,386929.00 
2024-09-27,377936.00 
2024-09-30,378347.00 
2024-10-01,382190.00 
2024-10-02,389242.00 
2024-10-03,390111.00 
2024-10-04,394563.00 
2024-10-07,391512.00 
2024-10-08,388481.00 
2024-10-09,389307.00 
2024-10-10,390460.00 
2024-10-11,396087.00 
2024-10-14,396614.00 
2024-10-15,397055.00 
2024-10-16,399725.00 
2024-10-17,404434.00 
2024-10-18,406871.00 
2024-10-21,410101.00 
2024-10-22,415200.00 
2024-10-23,414608.00 
2024-10-24,415219.00 
2024-10-25,418474.00 
